,Gender,Age,Country,Listening_time,Subscription_type
0,0,54,1,26,1
1,2,33,2,141,0
2,1,38,0,199,2
3,0,22,1,36,3
4,2,29,7,250,0
5,0,17,0,219,1
6,0,39,6,289,2
7,0,41,6,210,1
8,2,55,2,50,3
9,1,44,2,278,1
10,2,33,2,86,1
11,2,24,1,113,1
12,0,37,4,24,0
13,0,53,7,45,2
14,2,37,4,114,0
15,1,25,3,230,3
16,0,36,2,181,3
17,1,58,7,120,0
18,0,34,2,160,0
19,1,35,6,281,3
20,0,33,0,138,3
21,1,49,0,20,2
22,0,45,5,138,0
23,1,44,1,134,0
24,2,32,1,133,2
25,0,19,7,39,3
26,1,28,4,293,1
27,2,58,3,15,1
28,1,33,3,123,1
29,0,22,3,18,2
30,2,44,6,149,2
31,1,53,7,72,3
32,0,49,4,291,2
33,1,49,7,147,0
34,0,55,3,18,2
35,2,24,2,59,1
36,1,22,2,280,3
37,0,50,7,117,0
38,0,42,2,47,0
39,1,17,2,260,0
40,0,51,6,122,2
41,0,46,7,255,3
42,1,22,2,49,0
43,1,37,2,90,0
44,1,39,5,288,0
45,0,18,5,255,2
46,0,56,1,255,3
47,1,58,7,26,0
48,2,59,7,238,0
49,1,50,5,241,1
50,0,45,1,124,2
51,2,56,3,175,2
52,0,38,0,41,1
53,1,57,2,222,1
54,0,46,6,121,0
55,0,41,4,277,0
56,2,19,4,107,1
57,1,48,3,198,3
58,2,22,2,59,1
59,2,17,4,95,3
60,0,25,6,262,2
61,2,49,5,169,3
62,2,59,4,25,1
63,0,45,1,55,0
64,1,45,4,161,3
65,2,21,3,77,0
66,1,45,2,152,1
67,0,45,6,156,1
68,2,22,0,99,3
69,0,56,7,181,1
70,2,51,0,265,3
71,0,22,0,131,0
72,2,33,1,19,3
73,2,59,0,201,0
74,1,41,2,223,0
75,1,25,6,111,2
76,1,41,3,81,0
77,2,30,3,124,0
78,1,23,7,13,1
79,0,47,5,31,2
80,1,34,0,277,2
81,2,45,3,181,3
82,2,32,5,167,1
83,2,51,1,105,1
84,2,21,3,202,3
85,0,20,4,284,0
86,1,21,7,125,2
87,0,44,6,237,1
88,2,50,5,99,0
89,2,52,2,224,3
90,1,43,6,195,1
91,0,41,5,173,2
92,0,57,4,210,0
93,2,50,6,85,1
94,0,35,3,93,0
95,2,51,4,222,3
96,1,34,1,196,2
97,0,47,7,215,0
98,1,19,5,22,0
99,0,30,6,283,3
100,0,27,3,40,1
101,1,25,2,251,3
102,0,47,0,240,0
103,1,33,7,160,0
104,1,46,1,114,1
105,2,50,0,251,3
106,1,31,3,181,3
107,0,45,3,215,2
108,1,51,3,119,3
109,2,33,1,224,2
110,1,42,2,31,2
111,1,16,1,17,0
112,2,31,3,174,3
113,1,40,0,31,0
114,1,57,3,84,3
115,0,17,1,198,1
116,1,31,1,272,3
117,2,45,6,21,0
118,1,59,5,251,0
119,2,49,5,95,0
120,1,59,4,169,3
121,1,47,2,35,2
122,1,21,7,32,1
123,0,28,2,55,1
124,0,47,7,120,0
125,0,46,4,11,1
126,0,20,7,194,2
127,0,34,5,81,2
128,2,24,2,217,1
129,1,40,7,11,2
130,1,48,6,72,1
131,2,47,5,162,2
132,0,33,4,271,0
133,1,20,7,218,2
134,2,55,2,94,0
135,1,58,1,295,3
136,2,41,7,286,2
137,2,53,7,298,3
138,0,50,1,261,0
139,2,55,7,201,1
140,0,56,7,40,1
141,2,18,0,30,2
142,1,29,1,109,3
143,0,28,6,171,2
144,1,24,5,223,0
145,2,44,0,52,0
146,2,18,4,195,0
147,2,40,5,198,2
148,2,22,2,285,3
149,1,34,3,278,2
150,1,44,0,251,2
151,1,58,7,158,3
152,0,41,5,14,0
153,0,52,6,280,2
154,1,26,4,257,3
155,2,42,1,21,0
156,2,27,5,237,1
157,2,48,2,224,1
158,2,24,0,216,0
159,2,34,1,137,2
160,2,28,2,209,1
161,0,17,3,36,1
162,2,50,5,95,1
163,0,35,0,298,2
164,1,20,2,224,0
165,0,50,5,205,1
166,1,23,3,95,3
167,2,20,6,289,1
168,1,51,1,168,2
169,0,18,5,211,1
170,1,29,2,63,2
171,1,39,2,124,1
172,2,51,1,275,0
173,1,24,5,120,3
174,1,20,2,64,1
175,0,57,6,121,2
176,2,16,0,184,1
177,1,18,5,219,0
178,1,16,2,184,1
179,0,50,6,30,0
180,1,23,2,55,1
181,0,53,0,38,2
182,1,58,1,281,2
183,0,31,2,140,2
184,0,19,7,130,3
185,0,36,7,238,3
186,2,19,5,295,2
187,2,26,4,265,1
188,2,16,7,179,3
189,2,49,0,198,1
190,0,55,6,180,2
191,2,21,2,267,3
192,2,48,1,126,1
193,0,38,4,233,0
194,1,59,5,161,3
195,0,31,1,100,3
196,0,24,7,240,3
197,1,55,6,170,3
198,1,53,6,150,0
199,2,31,7,203,0
200,0,49,0,226,1
201,2,49,6,31,2
202,0,33,2,81,2
203,2,59,5,62,1
204,0,58,0,202,1
205,2,49,5,207,1
206,1,42,2,20,3
207,2,24,0,113,1
208,1,33,4,168,1
209,2,20,4,251,3
210,2,42,4,222,1
211,0,16,2,74,1
212,1,37,1,139,2
213,0,26,3,160,1
214,2,46,7,37,2
215,1,36,7,199,0
216,2,32,3,204,1
217,2,18,4,181,0
218,2,20,2,269,2
219,0,19,4,245,1
220,2,34,1,50,3
221,2,50,2,272,3
222,2,36,3,271,0
223,2,53,2,252,3
224,0,31,5,155,3
225,0,40,3,66,1
226,0,41,1,51,3
227,1,27,6,174,1
228,2,52,2,165,3
229,2,49,0,73,2
230,1,51,2,10,3
231,0,19,3,279,2
232,1,41,6,222,1
233,1,49,2,39,2
234,1,17,3,40,2
235,0,22,6,254,2
236,1,31,6,227,0
237,0,19,3,244,2
238,0,37,1,113,1
239,0,43,6,218,1
240,1,29,6,144,1
241,0,51,1,143,2
242,1,41,1,110,2
243,2,24,3,283,0
244,2,19,5,276,2
245,1,48,4,178,2
246,2,37,7,114,2
247,0,59,7,98,1
248,0,54,4,49,0
249,0,36,0,28,2
250,2,58,3,259,2
251,2,20,1,279,1
252,2,18,0,139,2
253,0,35,2,53,1
254,1,57,6,255,0
255,2,55,1,259,2
256,2,53,5,112,1
257,2,22,7,260,2
258,2,51,4,91,2
259,0,43,5,92,1
260,2,37,0,140,1
261,1,29,7,259,2
262,1,17,6,119,3
263,1,36,4,99,3
264,1,53,0,265,1
265,0,54,4,299,2
266,0,59,0,255,1
267,2,42,2,157,0
268,2,36,0,176,0
269,0,22,0,146,3
270,1,19,2,211,0
271,1,47,4,191,2
272,1,29,1,218,2
273,2,32,1,128,0
274,2,47,7,30,1
275,1,30,2,176,0
276,1,23,6,50,2
277,2,37,3,267,1
278,2,17,5,20,3
279,0,45,7,134,0
280,0,42,0,282,3
281,1,42,7,52,2
282,2,31,0,97,2
283,0,53,4,58,1
284,2,47,0,126,2
285,0,40,3,172,2
286,0,35,5,258,1
287,0,33,4,291,1
288,2,44,2,27,1
289,2,41,6,262,0
290,1,32,2,52,2
291,2,20,1,108,3
292,1,51,7,235,2
293,0,25,7,213,3
294,2,32,5,169,2
295,0,34,2,158,3
296,1,34,2,293,2
297,1,45,2,99,2
298,0,45,7,194,3
299,2,50,7,126,2
300,0,45,6,102,0
301,0,55,5,210,1
302,0,32,7,134,1
303,1,48,6,62,2
304,2,36,7,183,2
305,2,39,2,279,2
306,2,59,1,159,2
307,1,23,7,187,2
308,2,41,6,57,0
309,0,31,3,133,0
310,1,48,4,168,3
311,0,21,0,251,0
312,2,18,0,71,0
313,0,25,3,178,3
314,1,56,4,206,3
315,1,34,3,36,1
316,2,25,1,122,0
317,1,24,5,158,2
318,2,41,3,223,3
319,1,38,4,251,3
320,2,19,7,294,0
321,2,25,4,12,3
322,1,55,4,218,0
323,1,17,6,49,1
324,0,50,3,66,3
325,2,39,2,295,1
326,1,26,0,131,3
327,2,34,6,203,1
328,0,32,1,201,2
329,0,40,1,59,3
330,1,32,7,119,0
331,0,51,1,219,2
332,1,46,1,152,0
333,0,51,1,157,2
334,0,38,1,89,1
335,0,54,3,63,0
336,1,59,6,93,2
337,2,41,0,97,3
338,2,34,4,289,2
339,0,55,4,291,0
340,0,34,6,291,0
341,0,20,6,218,3
342,0,20,1,56,2
343,1,32,4,157,3
344,0,37,2,171,3
345,2,50,1,16,0
346,0,21,2,207,0
347,1,48,7,123,2
348,1,46,4,55,2
349,2,44,0,49,1
350,0,55,5,62,1
351,0,57,0,85,3
352,2,41,1,78,0
353,1,50,1,107,1
354,2,32,3,202,1
355,1,51,5,211,0
356,0,26,3,73,1
357,1,22,5,229,2
358,2,19,6,164,1
359,0,49,2,61,0
360,1,56,4,164,1
361,2,39,5,232,1
362,2,57,5,146,3
363,2,18,0,42,2
364,1,43,1,265,1
365,0,32,7,275,0
366,2,33,7,295,3
367,2,16,4,269,1
368,2,50,3,224,0
369,0,42,5,51,1
370,2,49,6,100,0
371,0,35,3,267,2
372,2,54,4,102,1
373,1,44,5,84,1
374,0,21,3,289,1
375,1,44,3,173,0
376,1,46,0,42,0
377,2,53,0,261,0
378,2,39,7,163,1
379,2,26,0,175,3
380,0,35,2,259,3
381,2,51,5,103,2
382,2,55,2,148,0
383,0,45,5,50,2
384,0,53,5,187,0
385,0,16,2,57,3
386,1,32,3,51,1
387,2,26,3,146,1
388,0,48,6,210,1
389,2,59,6,58,0
390,0,42,4,124,0
391,0,40,4,273,3
392,0,53,5,49,1
393,0,38,7,119,3
394,0,58,1,225,3
395,2,24,7,203,1
396,2,36,2,21,0
397,0,53,6,120,3
398,1,21,0,59,3
399,1,43,3,272,0
400,0,26,7,228,2
401,1,23,2,131,3
402,0,40,5,103,3
403,0,37,1,152,1
404,1,33,5,261,0
405,2,26,7,276,0
406,2,43,0,58,0
407,2,46,1,118,2
408,1,23,0,256,1
409,0,30,1,84,1
410,0,32,0,51,2
411,0,29,0,107,1
412,2,19,7,289,1
413,1,19,0,264,2
414,1,24,3,227,2
415,2,16,6,97,1
416,1,44,1,168,2
417,1,42,6,23,2
418,0,55,3,271,2
419,2,38,6,104,2
420,1,30,0,251,1
421,0,20,1,105,3
422,0,40,0,281,3
423,0,58,3,93,1
424,2,20,0,146,0
425,1,43,2,170,2
426,2,37,7,40,2
427,2,48,4,171,3
428,2,53,5,36,0
429,2,25,1,274,1
430,0,51,1,79,0
431,2,42,6,91,0
432,2,50,5,69,2
433,2,56,3,14,0
434,0,47,7,55,2
435,1,41,7,88,1
436,1,20,4,236,2
437,1,57,4,214,1
438,2,35,2,172,1
439,1,40,5,163,0
440,0,46,4,123,2
441,1,48,7,251,1
442,2,49,6,191,1
443,1,44,0,35,0
444,2,47,0,250,3
445,2,46,5,247,3
446,2,44,3,18,2
447,1,52,4,296,3
448,2,37,3,25,1
449,1,41,7,166,2
450,0,55,2,98,3
451,0,28,2,288,3
452,1,40,7,10,2
453,1,19,4,188,2
454,1,53,1,65,1
455,2,20,3,210,0
456,0,18,6,128,3
457,0,25,7,72,0
458,1,26,6,150,3
459,1,24,5,57,3
460,0,41,5,199,3
461,1,21,1,211,3
462,0,30,1,115,0
463,1,37,0,260,1
464,1,39,2,110,1
465,0,53,5,224,1
466,0,39,4,63,0
467,1,48,3,40,0
468,2,41,1,163,3
469,2,52,2,211,1
470,1,51,1,72,2
471,1,20,7,16,2
472,2,58,2,205,2
473,2,22,6,290,2
474,2,33,4,86,3
475,0,35,2,34,1
476,0,21,4,192,2
477,1,31,5,65,2
478,2,54,3,225,1
479,0,49,6,266,1
480,2,44,2,196,2
481,2,51,6,294,1
482,0,56,2,38,0
483,0,33,1,123,3
484,1,42,7,102,2
485,0,19,6,43,2
486,1,16,2,112,3
487,1,29,0,150,3
488,1,43,0,28,2
489,2,42,2,256,3
490,2,38,7,205,2
491,1,20,7,174,3
492,1,23,0,181,3
493,0,51,3,299,3
494,1,17,2,292,3
495,2,17,5,141,2
496,0,37,4,184,0
497,1,55,1,118,3
498,0,48,3,164,2
499,2,38,4,283,1
500,2,55,4,47,3
501,0,23,0,101,3
502,2,49,7,270,1
503,2,38,6,208,1
504,2,40,1,172,3
505,1,31,3,236,2
506,1,36,2,265,2
507,0,57,0,54,1
508,2,48,3,191,0
509,1,21,7,251,0
510,2,21,2,260,2
511,0,23,3,213,2
512,2,28,2,152,0
513,0,53,3,226,1
514,0,20,1,115,1
515,0,43,5,55,1
516,2,25,7,123,0
517,2,56,7,110,1
518,1,21,0,164,2
519,2,24,2,185,2
520,1,38,2,262,2
521,2,20,1,230,2
522,1,28,4,17,3
523,1,58,2,274,3
524,1,47,1,75,0
525,0,24,7,250,1
526,2,20,7,35,2
527,2,41,2,33,2
528,1,35,5,270,1
529,0,21,5,192,3
530,2,17,0,195,0
531,2,49,3,288,0
532,1,35,7,155,3
533,2,34,0,136,0
534,1,38,6,137,2
535,2,35,2,111,1
536,2,38,5,211,0
537,0,39,2,168,2
538,0,53,0,86,3
539,2,42,4,219,2
540,0,40,2,66,0
541,1,48,3,73,2
542,2,52,6,274,2
543,0,44,0,169,0
544,1,30,2,88,0
545,0,57,3,286,0
546,1,29,0,23,2
547,1,49,2,296,2
548,1,25,7,264,3
549,2,32,4,167,0
550,1,39,5,87,1
551,1,22,3,92,3
552,2,23,5,101,3
553,0,53,3,139,3
554,1,46,2,159,0
555,1,41,2,229,2
556,0,30,7,281,2
557,2,40,4,286,1
558,2,46,4,261,1
559,0,25,5,295,2
560,0,41,0,256,3
561,2,27,2,173,3
562,2,45,5,124,1
563,0,52,6,230,2
564,0,48,4,292,2
565,2,38,7,205,1
566,2,44,4,48,3
567,1,45,0,271,0
568,2,25,6,166,2
569,0,50,3,285,1
570,1,58,2,175,2
571,2,35,7,205,1
572,1,18,3,101,1
573,0,21,4,134,1
574,2,32,4,12,2
575,1,33,2,147,0
576,1,41,0,174,2
577,0,33,3,86,2
578,1,35,0,99,3
579,1,18,5,78,1
580,0,58,3,274,2
581,0,46,2,28,2
582,0,21,0,211,2
583,0,33,1,121,3
584,2,39,6,32,3
585,0,27,5,246,3
586,2,26,5,15,3
587,0,23,7,55,0
588,0,58,0,40,2
589,0,51,4,143,1
590,2,22,0,263,2
591,1,58,6,178,2
592,1,37,0,30,2
593,1,34,4,278,2
594,2,23,7,230,2
595,0,32,3,215,3
596,1,41,6,196,1
597,0,28,6,125,1
598,1,19,2,222,2
599,2,35,3,233,2
600,1,25,4,177,0
601,2,44,0,99,3
602,0,58,2,34,3
603,1,37,6,138,1
604,0,21,1,254,3
605,0,28,6,233,0
606,0,19,2,219,3
607,2,21,4,91,0
608,0,41,2,31,2
609,0,31,6,205,1
610,0,40,3,21,2
611,1,57,1,11,1
612,0,22,3,222,2
613,0,54,4,123,0
614,0,42,6,287,3
615,0,37,1,197,0
616,2,51,6,267,2
617,2,26,6,12,3
618,1,44,0,243,2
619,2,53,3,140,2
620,2,54,2,111,2
621,0,27,2,238,2
622,0,29,4,225,2
623,2,24,0,214,2
624,2,58,7,112,1
625,1,16,2,85,1
626,0,37,0,192,0
627,2,16,7,216,3
628,2,24,7,283,3
629,0,32,6,113,1
630,1,29,7,60,0
631,0,31,0,115,3
632,0,59,0,180,2
633,2,56,4,290,1
634,2,20,0,106,1
635,2,27,4,296,2
636,2,41,7,68,0
637,2,16,4,177,3
638,1,34,0,198,3
639,0,23,5,78,3
640,0,25,7,290,3
641,1,58,0,36,0
642,2,51,2,108,3
643,0,48,4,98,2
644,1,22,0,287,1
645,2,33,2,172,3
646,1,54,6,89,1
647,1,50,5,200,1
648,2,28,2,289,3
649,0,48,3,23,0
650,2,21,4,170,3
651,2,19,1,227,2
652,2,26,7,290,0
653,0,55,1,200,2
654,0,59,4,34,3
655,0,24,4,105,0
656,0,58,0,216,2
657,1,23,3,105,0
658,1,53,3,244,0
659,2,29,3,30,0
660,0,23,2,126,3
661,0,29,0,106,3
662,2,49,6,295,1
663,0,23,2,230,2
664,0,29,2,102,0
665,2,43,4,152,0
666,1,31,1,77,3
667,2,43,7,78,2
668,0,39,6,220,1
669,0,38,6,245,1
670,1,31,1,30,1
671,0,35,6,226,3
672,0,44,5,133,1
673,0,33,0,118,0
674,0,27,1,115,2
675,2,38,1,155,2
676,1,30,4,125,2
677,2,55,2,190,0
678,0,20,6,164,2
679,1,33,1,126,0
680,0,47,2,272,1
681,0,47,5,263,0
682,2,38,2,127,3
683,0,55,0,281,1
684,0,40,5,210,1
685,0,49,1,206,2
686,0,52,1,285,0
687,2,35,5,29,2
688,2,53,4,67,3
689,1,52,6,252,1
690,2,22,6,291,3
691,2,58,2,136,3
692,1,33,4,154,2
693,0,20,6,279,0
694,1,21,1,199,2
695,1,56,6,30,1
696,0,54,5,158,0
697,1,51,6,83,3
698,1,24,4,161,2
699,0,21,5,183,2
700,1,58,5,131,3
701,0,26,7,126,2
702,1,32,3,282,0
703,1,44,2,240,2
704,1,22,0,169,3
705,0,29,7,238,3
706,1,37,6,276,0
707,0,18,5,101,3
708,0,27,0,176,0
709,1,43,2,161,2
710,1,58,3,153,3
711,2,20,4,199,0
712,0,37,3,252,1
713,1,39,7,79,1
714,1,36,5,15,2
715,0,51,7,73,3
716,1,28,3,20,0
717,2,39,6,141,3
718,2,51,5,250,1
719,0,46,0,191,2
720,0,18,5,157,1
721,0,46,3,53,3
722,0,42,3,64,3
723,2,46,6,160,0
724,2,35,4,227,3
725,0,57,5,183,2
726,2,38,4,186,1
727,2,31,2,176,2
728,2,20,4,274,2
729,2,26,4,183,3
730,0,58,2,293,0
731,2,51,6,70,0
732,1,23,1,64,2
733,1,38,2,291,3
734,0,31,7,218,2
735,2,24,4,211,3
736,1,42,2,126,0
737,2,27,5,231,2
738,2,57,4,290,0
739,1,36,1,77,1
740,1,16,5,154,2
741,0,24,3,105,3
742,1,53,2,113,3
743,2,36,0,174,2
744,2,51,2,32,2
745,2,42,1,271,2
746,2,29,3,97,2
747,1,59,1,266,3
748,2,22,0,276,1
749,0,52,6,81,0
750,1,27,1,116,0
751,1,46,0,251,0
752,1,52,7,270,3
753,2,39,2,246,2
754,1,33,1,100,1
755,2,17,6,206,1
756,0,35,0,81,0
757,1,41,3,26,0
758,0,42,2,208,3
759,0,49,0,295,3
760,1,57,0,13,0
761,1,26,4,120,2
762,2,17,2,125,1
763,0,49,7,104,2
764,2,52,2,225,2
765,2,49,0,261,0
766,2,57,6,79,2
767,0,24,3,240,2
768,2,24,2,28,0
769,0,48,0,91,2
770,2,40,4,212,2
771,2,59,4,172,2
772,0,39,4,55,0
773,0,54,3,130,3
774,1,40,4,97,0
775,0,51,2,71,0
776,2,31,7,18,0
777,1,24,4,212,0
778,0,18,6,14,0
779,0,18,2,213,1
780,0,44,6,207,3
781,1,32,7,71,2
782,1,32,0,36,2
783,2,52,7,120,2
784,0,31,3,272,2
785,1,33,1,212,2
786,1,46,3,193,1
787,0,16,1,150,2
788,0,23,0,213,3
789,1,26,3,293,3
790,0,52,0,80,0
791,0,27,7,222,3
792,2,32,2,100,0
793,1,20,5,185,0
794,2,47,2,94,3
795,0,31,4,47,0
796,0,30,0,173,2
797,0,27,3,185,2
798,2,30,0,175,3
799,0,17,4,134,3
800,1,56,4,253,2
801,2,57,3,161,2
802,2,57,0,47,0
803,1,41,2,286,2
804,0,36,2,194,3
805,2,22,0,87,3
806,0,40,7,92,0
807,1,36,6,242,2
808,2,19,0,26,1
809,2,44,5,255,0
810,1,57,6,204,0
811,2,17,6,62,2
812,1,26,4,19,3
813,2,19,3,197,1
814,2,24,6,49,0
815,0,22,6,87,1
816,2,57,3,39,0
817,1,51,2,24,2
818,2,44,0,162,2
819,2,43,4,61,0
820,0,32,6,138,3
821,0,20,3,181,1
822,0,56,7,37,3
823,1,32,1,146,2
824,0,31,5,82,0
825,1,26,7,82,0
826,2,54,6,194,0
827,1,17,3,61,3
828,1,47,3,191,2
829,2,22,2,107,0
830,0,31,1,293,3
831,2,31,5,64,2
832,2,32,0,262,0
833,1,26,5,172,0
834,1,26,1,206,0
835,1,17,7,250,1
836,0,25,5,118,1
837,1,31,6,173,3
838,2,55,1,85,2
839,2,36,7,130,2
840,0,39,1,162,1
841,1,35,6,192,3
842,1,22,7,80,2
843,2,45,4,13,0
844,2,30,4,45,2
845,0,51,0,71,0
846,2,44,4,84,0
847,1,39,4,226,3
848,2,46,6,74,2
849,2,20,6,22,0
850,2,32,6,106,3
851,2,18,6,174,0
852,1,24,5,297,0
853,1,54,4,48,1
854,0,40,1,89,1
855,0,59,7,204,2
856,1,41,7,286,2
857,2,38,7,163,2
858,1,41,5,95,2
859,1,30,6,14,2
860,1,46,0,252,3
861,0,44,5,196,3
862,1,59,2,250,3
863,0,53,2,299,0
864,1,26,0,18,3
865,1,44,6,58,1
866,1,35,3,73,0
867,1,33,2,239,1
868,0,53,1,107,3
869,0,27,1,230,1
870,1,24,3,119,1
871,1,29,7,296,3
872,2,49,7,132,1
873,1,52,1,251,1
874,1,38,2,276,2
875,0,37,4,180,2
876,0,25,0,63,2
877,0,45,5,221,1
878,2,27,5,235,3
879,0,50,3,207,2
880,2,58,6,171,3
881,1,32,3,108,0
882,0,44,3,119,3
883,1,41,6,187,2
884,1,22,4,140,0
885,1,59,0,51,1
886,1,38,6,224,2
887,2,38,1,111,2
888,2,59,0,253,2
889,0,48,3,246,1
890,2,28,3,26,1
891,0,48,4,134,1
892,1,37,2,113,3
893,0,33,6,288,1
894,0,40,1,266,0
895,2,42,0,214,2
896,1,20,4,247,3
897,2,49,5,236,3
898,0,46,3,217,0
899,2,28,0,33,3
900,0,59,6,118,2
901,0,46,7,50,2
902,0,57,3,206,1
903,0,35,0,149,0
904,0,43,4,273,3
905,1,16,1,183,1
906,1,57,4,212,1
907,0,55,1,63,2
908,0,50,7,210,1
909,1,29,5,128,1
910,2,16,5,114,2
911,2,56,5,138,0
912,0,59,2,233,3
913,1,45,5,254,1
914,0,53,6,270,3
915,0,34,0,267,2
916,2,20,0,160,0
917,1,32,2,271,2
918,2,20,0,170,1
919,0,47,0,208,1
920,2,22,1,224,2
921,1,27,2,275,3
922,1,48,7,243,1
923,1,34,6,221,0
924,2,47,2,271,1
925,0,24,1,275,2
926,1,53,1,269,2
927,1,36,3,236,3
928,0,45,3,246,2
929,0,30,4,222,0
930,0,53,0,112,0
931,2,33,7,18,2
932,0,52,7,109,2
933,0,29,7,246,3
934,1,51,6,102,2
935,0,42,2,180,3
936,0,30,5,16,0
937,2,25,7,155,0
938,2,48,6,287,1
939,2,28,7,67,1
940,1,46,2,241,3
941,0,48,7,105,2
942,2,35,2,65,0
943,2,55,6,102,2
944,1,50,7,198,3
945,0,16,1,156,3
946,1,28,3,266,2
947,1,31,0,33,3
948,1,36,2,42,2
949,0,19,5,34,0
950,1,50,7,234,3
951,1,33,1,44,0
952,2,35,2,273,0
953,2,21,5,28,0
954,2,17,3,46,3
955,1,19,5,291,0
956,2,33,0,174,0
957,1,36,0,255,0
958,2,50,0,157,2
959,1,54,2,281,0
960,1,36,3,102,1
961,0,49,3,184,2
962,0,35,1,173,2
963,0,53,1,266,1
964,1,55,2,236,1
965,0,36,6,35,3
966,0,47,5,192,0
967,0,22,0,99,0
968,2,55,0,100,2
969,1,47,2,164,2
970,1,18,3,30,1
971,2,42,0,121,1
972,1,42,3,166,0
973,1,51,3,272,1
974,1,24,5,160,3
975,1,28,5,96,2
976,2,17,7,125,1
977,2,41,7,219,2
978,0,48,2,115,2
979,1,50,4,128,0
980,2,42,3,257,2
981,0,35,5,48,3
982,1,19,6,274,0
983,1,31,7,75,2
984,1,37,5,287,1
985,1,43,7,58,1
986,0,37,7,195,1
987,0,35,1,119,2
988,1,41,0,248,1
989,0,47,3,212,1
990,1,51,6,296,2
991,0,43,6,197,1
992,1,56,7,245,2
993,1,46,7,159,2
994,1,56,1,252,1
995,2,39,2,142,1
996,2,50,7,43,0
997,2,45,4,56,2
998,1,56,4,56,3
999,1,18,7,174,3
1000,0,31,4,292,2
1001,2,46,4,216,3
1002,1,18,5,272,3
1003,0,25,1,31,1
1004,0,22,4,16,3
1005,2,19,6,68,0
1006,0,18,6,255,3
1007,2,49,6,137,2
1008,0,59,5,86,0
1009,2,59,3,275,3
1010,0,38,3,125,1
1011,2,43,0,26,0
1012,0,31,1,237,0
1013,2,28,2,258,0
1014,1,20,5,290,3
1015,2,22,7,29,1
1016,0,22,7,224,1
1017,2,51,2,199,0
1018,0,35,0,34,2
1019,2,34,3,73,3
1020,2,33,5,140,1
1021,1,42,3,263,3
1022,0,16,0,193,2
1023,1,51,4,289,2
1024,1,56,2,211,1
1025,2,57,3,110,0
1026,2,21,3,52,0
1027,2,20,7,81,2
1028,0,53,1,237,2
1029,2,40,7,88,0
1030,1,30,6,10,1
1031,2,43,3,255,0
1032,2,53,1,276,0
1033,2,53,2,291,1
1034,2,52,0,272,2
1035,1,34,6,254,1
1036,1,32,4,78,1
1037,2,22,1,78,3
1038,1,29,7,228,3
1039,0,52,1,38,2
1040,0,32,7,131,0
1041,1,56,6,273,2
1042,1,55,2,161,2
1043,1,25,0,154,1
1044,1,36,6,49,2
1045,0,46,7,32,2
1046,1,25,2,83,3
1047,1,58,3,59,1
1048,2,55,1,67,2
1049,2,16,0,280,1
1050,1,20,2,85,3
1051,0,33,0,169,0
1052,0,55,7,185,1
1053,1,40,1,37,1
1054,2,49,0,153,3
1055,0,32,2,221,0
1056,2,56,0,169,1
1057,1,54,7,79,1
1058,1,21,6,44,3
1059,0,22,4,204,0
1060,1,24,0,181,0
1061,0,28,7,57,3
1062,0,54,3,53,3
1063,0,28,7,201,2
1064,1,49,7,74,2
1065,1,26,4,95,1
1066,1,31,6,282,1
1067,0,46,1,54,0
1068,1,21,4,58,3
1069,2,32,4,219,0
1070,2,28,2,178,2
1071,1,51,0,282,3
1072,2,45,2,243,3
1073,2,40,7,175,0
1074,1,30,4,246,1
1075,2,43,6,277,2
1076,0,32,5,69,0
1077,1,54,5,182,0
1078,0,23,6,176,3
1079,2,21,0,47,0
1080,1,41,4,256,0
1081,1,17,3,74,3
1082,1,46,5,111,3
1083,1,50,7,50,1
1084,2,42,2,17,1
1085,0,46,6,85,3
1086,2,17,7,177,0
1087,0,39,5,288,3
1088,1,51,5,299,2
1089,2,25,2,242,0
1090,1,51,0,113,0
1091,1,25,5,24,3
1092,0,54,4,70,1
1093,2,37,6,194,3
1094,1,59,0,232,1
1095,0,47,3,52,0
1096,0,56,3,186,2
1097,0,47,5,235,3
1098,0,32,4,175,1
1099,2,47,4,182,3
1100,2,46,4,244,2
1101,1,47,3,240,0
1102,2,49,4,217,3
1103,2,32,3,106,0
1104,2,21,3,125,3
1105,0,41,3,298,1
1106,2,25,5,254,0
1107,2,25,4,195,2
1108,0,45,7,101,0
1109,0,30,2,32,0
1110,1,26,2,288,1
1111,1,42,5,262,1
1112,1,53,6,83,3
1113,2,35,6,255,3
1114,2,23,3,47,0
1115,2,55,4,180,1
1116,0,24,7,232,3
1117,2,50,3,246,3
1118,1,44,4,11,3
1119,1,24,0,164,0
1120,1,26,4,284,1
1121,2,29,7,259,2
1122,1,20,2,226,3
1123,2,18,0,111,2
1124,2,17,2,146,1
1125,1,21,0,129,1
1126,2,20,1,241,3
1127,0,27,4,144,1
1128,2,27,7,284,1
1129,0,50,6,241,3
1130,1,26,3,290,2
1131,0,23,3,137,3
1132,1,56,3,187,2
1133,0,35,3,36,0
1134,1,56,6,106,0
1135,0,25,5,211,0
1136,0,44,0,64,0
1137,0,30,5,49,2
1138,1,53,1,68,3
1139,1,31,7,268,3
1140,0,52,6,118,2
1141,0,31,0,200,1
1142,0,49,7,13,1
1143,2,47,5,150,3
1144,2,30,4,43,0
1145,2,28,6,298,2
1146,1,49,2,156,1
1147,0,23,0,27,0
1148,2,56,0,243,1
1149,0,38,3,282,0
1150,2,59,2,274,0
1151,0,52,6,253,0
1152,1,20,2,276,3
1153,1,38,7,65,1
1154,0,24,4,12,1
1155,1,16,6,172,3
1156,0,17,3,183,0
1157,1,27,1,81,0
1158,0,43,2,214,3
1159,0,43,0,29,0
1160,0,38,3,284,2
1161,1,19,5,257,3
1162,2,58,5,61,3
1163,0,35,3,53,3
1164,1,26,7,293,2
1165,2,25,1,205,1
1166,0,25,7,209,2
1167,1,34,0,242,3
1168,2,42,3,88,2
1169,0,42,4,99,2
1170,2,45,0,179,0
1171,0,35,6,174,0
1172,2,37,3,84,3
1173,2,17,6,275,3
1174,1,41,2,272,1
1175,0,49,0,252,3
1176,2,17,3,273,3
1177,2,47,0,198,2
1178,1,17,7,172,2
1179,2,57,3,33,3
1180,0,43,4,19,2
1181,0,59,4,254,3
1182,0,47,2,166,1
1183,2,39,1,215,3
1184,1,34,4,73,0
1185,1,21,4,247,0
1186,2,37,5,194,1
1187,2,47,4,193,3
1188,2,58,7,31,3
1189,0,51,6,135,0
1190,0,34,2,99,3
1191,0,38,4,260,0
1192,0,24,4,76,2
1193,1,57,2,221,3
1194,0,58,5,59,1
1195,1,58,0,80,0
1196,2,33,1,295,2
1197,2,43,3,292,0
1198,0,39,1,133,0
1199,1,40,4,191,2
1200,1,34,1,41,1
1201,1,20,0,57,2
1202,0,35,1,251,1
1203,2,42,2,22,2
1204,1,19,7,32,1
1205,0,35,2,227,1
1206,2,48,6,228,0
1207,2,38,4,131,1
1208,0,19,2,96,1
1209,2,34,1,10,0
1210,1,29,4,57,0
1211,1,59,2,51,2
1212,2,42,1,51,2
1213,2,44,0,47,3
1214,0,25,3,120,0
1215,2,57,7,101,0
1216,0,45,5,240,2
1217,0,49,0,89,0
1218,0,51,6,45,1
1219,0,47,3,289,1
1220,0,53,0,280,1
1221,0,23,0,290,0
1222,2,47,4,100,0
1223,1,53,6,22,3
1224,0,39,7,13,0
1225,0,26,5,245,3
1226,1,44,2,162,0
1227,1,24,7,249,0
1228,2,41,1,218,1
1229,0,25,7,22,0
1230,1,49,4,269,1
1231,0,39,7,172,3
1232,2,39,2,10,0
1233,2,53,5,93,2
1234,2,32,3,272,1
1235,1,27,1,53,0
1236,1,40,3,59,1
1237,1,51,0,20,2
1238,0,52,6,247,2
1239,2,40,1,220,2
1240,2,23,2,70,2
1241,0,42,6,154,2
1242,1,18,6,234,2
1243,1,20,0,158,1
1244,2,34,0,35,0
1245,2,59,1,233,1
1246,2,34,4,177,1
1247,2,42,2,193,1
1248,2,39,7,67,0
1249,0,58,3,244,2
1250,2,20,6,111,3
1251,0,52,7,281,1
1252,1,55,5,222,1
1253,1,31,4,142,0
1254,0,20,2,188,0
1255,1,21,0,11,3
1256,2,27,6,221,2
1257,2,57,4,76,3
1258,1,55,2,166,1
1259,2,32,1,180,1
1260,2,17,1,298,1
1261,1,38,2,71,1
1262,0,58,6,115,3
1263,1,42,6,193,0
1264,0,46,0,242,1
1265,1,51,6,12,2
1266,0,17,5,116,3
1267,1,54,0,213,0
1268,2,35,2,246,1
1269,2,16,5,48,1
1270,1,57,0,133,0
1271,0,42,4,207,3
1272,0,31,6,180,1
1273,1,53,1,79,2
1274,0,25,0,294,2
1275,1,59,5,118,2
1276,1,27,3,205,2
1277,0,37,0,84,1
1278,2,34,0,296,2
1279,1,36,5,281,3
1280,0,43,3,63,1
1281,0,40,5,219,1
1282,2,57,0,63,2
1283,2,43,7,261,0
1284,1,36,6,243,1
1285,0,33,5,110,2
1286,2,37,0,41,3
1287,2,56,7,140,2
1288,1,45,7,178,3
1289,1,29,2,179,3
1290,1,35,1,168,1
1291,0,24,3,90,2
1292,1,44,1,296,1
1293,2,29,5,268,1
1294,2,47,4,80,1
1295,1,44,0,199,1
1296,1,53,2,116,3
1297,0,20,0,198,0
1298,0,25,6,201,0
1299,1,31,0,80,3
1300,2,41,0,222,3
1301,0,43,5,36,3
1302,0,18,7,113,2
1303,2,31,1,149,0
1304,1,44,0,34,1
1305,1,27,5,20,1
1306,2,21,1,198,1
1307,1,25,5,265,1
1308,1,43,4,149,2
1309,2,52,1,217,0
1310,2,36,1,54,2
1311,0,31,3,278,3
1312,2,41,7,99,1
1313,1,57,7,89,1
1314,0,46,3,245,0
1315,2,16,6,252,3
1316,1,20,5,11,2
1317,1,55,1,29,3
1318,2,32,0,78,0
1319,0,26,3,199,1
1320,1,25,0,238,1
1321,2,57,6,231,2
1322,0,28,0,283,3
1323,1,26,7,209,2
1324,0,59,6,227,2
1325,0,20,1,36,2
1326,0,54,3,117,0
1327,1,57,4,131,0
1328,2,30,5,293,3
1329,0,53,2,44,2
1330,1,40,7,268,0
1331,0,59,3,242,0
1332,1,21,0,141,0
1333,0,48,1,277,0
1334,0,42,5,106,0
1335,0,37,5,153,2
1336,2,57,6,91,3
1337,0,25,1,264,0
1338,1,22,7,163,0
1339,1,33,7,87,3
1340,0,18,6,155,2
1341,1,58,3,90,1
1342,2,43,5,20,3
1343,1,33,6,262,1
1344,2,19,4,177,1
1345,2,57,6,232,3
1346,2,32,0,288,3
1347,2,51,1,122,0
1348,2,30,7,249,2
1349,1,34,7,177,3
1350,1,57,1,59,0
1351,0,51,0,79,1
1352,2,22,1,30,0
1353,0,29,6,26,2
1354,2,33,4,182,1
1355,0,48,1,193,0
1356,1,35,4,82,3
1357,0,32,1,114,1
1358,0,17,5,92,2
1359,2,56,6,265,1
1360,1,53,4,45,0
1361,2,42,6,177,0
1362,2,19,3,16,1
1363,1,18,3,238,3
1364,1,49,5,290,0
1365,2,24,2,88,2
1366,0,47,7,119,2
1367,0,18,4,52,0
1368,0,58,5,223,3
1369,2,21,6,240,3
1370,0,48,3,62,1
1371,1,49,0,121,1
1372,1,52,6,173,3
1373,1,25,7,56,3
1374,2,32,6,113,1
1375,1,44,7,253,3
1376,2,50,7,205,1
1377,0,58,3,20,3
1378,1,16,0,240,0
1379,2,47,4,92,2
1380,2,23,6,288,2
1381,2,43,7,273,1
1382,1,45,4,19,3
1383,1,23,5,271,0
1384,2,38,6,72,3
1385,0,48,4,114,1
1386,1,31,6,283,2
1387,2,56,4,245,1
1388,0,47,7,116,1
1389,2,31,7,126,1
1390,2,59,1,114,3
1391,1,45,4,31,1
1392,1,53,4,57,1
1393,2,34,6,272,1
1394,1,53,0,264,3
1395,2,53,1,191,2
1396,2,44,2,229,3
1397,1,33,7,74,1
1398,0,51,4,98,2
1399,2,17,2,29,0
1400,0,43,6,21,1
1401,1,20,5,58,1
1402,1,42,2,292,0
1403,1,54,3,49,2
1404,1,41,2,126,2
1405,2,50,0,192,1
1406,1,28,5,294,0
1407,0,42,0,123,3
1408,2,31,3,139,2
1409,1,34,0,55,2
1410,2,26,0,228,1
1411,0,45,2,204,3
1412,0,24,7,199,2
1413,2,56,5,71,0
1414,0,39,3,251,0
1415,2,51,4,77,0
1416,0,20,7,23,1
1417,2,19,4,30,3
1418,2,30,5,114,0
1419,2,43,5,48,1
1420,2,44,0,33,3
1421,0,59,2,121,2
1422,0,16,1,147,1
1423,0,48,5,103,3
1424,0,33,2,222,2
1425,1,45,5,58,0
1426,2,27,5,297,0
1427,1,17,2,117,1
1428,2,49,3,131,2
1429,1,36,4,97,1
1430,0,53,2,112,0
1431,1,34,1,185,0
1432,2,36,4,131,0
1433,2,25,6,56,2
1434,0,43,3,64,3
1435,1,42,0,160,0
1436,2,26,4,134,0
1437,1,16,6,160,2
1438,1,48,6,47,2
1439,1,53,7,15,1
1440,0,22,2,291,2
1441,2,19,6,75,1
1442,0,52,3,130,2
1443,2,20,3,96,2
1444,2,18,1,284,3
1445,2,40,3,173,3
1446,2,40,5,238,0
1447,2,38,5,52,1
1448,2,51,5,212,3
1449,1,36,4,246,2
1450,1,51,1,59,0
1451,1,40,1,250,3
1452,2,25,5,138,1
1453,2,45,3,75,2
1454,2,30,2,53,2
1455,2,47,1,168,1
1456,0,30,4,109,2
1457,0,46,6,22,1
1458,0,59,3,188,3
1459,2,41,3,12,0
1460,1,55,0,62,1
1461,0,30,0,278,1
1462,1,59,3,34,0
1463,2,26,7,28,0
1464,0,34,6,175,1
1465,1,44,3,217,0
1466,2,45,6,178,1
1467,2,37,7,135,0
1468,2,24,4,216,2
1469,2,29,7,203,0
1470,1,23,2,69,3
1471,1,28,3,280,2
1472,2,49,6,200,2
1473,0,39,7,174,1
1474,2,19,7,192,3
1475,1,43,3,65,3
1476,2,55,4,39,1
1477,1,20,4,108,0
1478,0,32,6,114,1
1479,2,48,0,142,2
1480,1,28,4,25,1
1481,2,50,6,28,0
1482,0,39,5,104,0
1483,1,58,6,49,1
1484,0,49,0,213,2
1485,0,21,2,262,2
1486,2,33,2,224,0
1487,0,35,3,238,0
1488,0,38,0,216,3
1489,1,32,6,75,3
1490,0,58,0,275,2
1491,0,24,1,13,3
1492,2,33,1,37,3
1493,2,42,0,126,0
1494,2,23,6,50,3
1495,1,27,5,195,0
1496,2,27,3,145,1
1497,0,48,0,48,0
1498,1,46,1,290,0
1499,1,20,2,215,3
1500,0,57,6,267,0
1501,2,45,1,71,2
1502,2,17,6,147,0
1503,0,43,3,252,2
1504,0,54,5,253,3
1505,0,55,7,157,2
1506,1,18,7,123,0
1507,1,23,1,171,0
1508,0,43,1,112,3
1509,1,58,6,85,1
1510,2,33,2,153,0
1511,1,37,5,254,0
1512,0,53,6,211,3
1513,0,40,5,155,0
1514,1,40,7,124,1
1515,0,18,6,120,3
1516,2,25,5,122,1
1517,1,59,6,135,1
1518,1,25,1,24,1
1519,1,40,5,84,1
1520,2,35,1,15,2
1521,2,37,5,219,0
1522,1,21,4,81,0
1523,0,44,2,222,1
1524,1,36,4,165,2
1525,1,57,1,130,3
1526,1,30,2,175,0
1527,0,30,6,299,3
1528,0,49,3,38,3
1529,2,19,5,12,0
1530,1,20,6,61,1
1531,2,19,0,219,0
1532,2,20,0,120,1
1533,0,59,2,92,2
1534,1,41,6,65,3
1535,2,46,3,271,3
1536,2,26,6,270,0
1537,0,51,2,180,2
1538,2,46,0,154,1
1539,1,16,2,76,1
1540,1,27,6,36,2
1541,2,59,7,79,2
1542,2,58,3,238,0
1543,0,57,4,64,0
1544,0,30,5,258,2
1545,2,24,2,228,0
1546,0,51,2,43,1
1547,0,50,0,162,1
1548,2,33,4,144,0
1549,0,31,7,74,0
1550,1,28,2,213,3
1551,0,47,6,108,0
1552,1,23,3,127,1
1553,1,59,3,295,1
1554,0,19,5,71,3
1555,1,35,6,156,2
1556,0,44,4,35,3
1557,0,36,6,149,3
1558,0,52,5,160,3
1559,1,48,6,190,3
1560,2,56,1,37,2
1561,0,20,5,48,1
1562,0,57,0,148,0
1563,0,17,2,156,2
1564,1,40,7,171,2
1565,1,54,5,276,0
1566,2,38,1,178,0
1567,0,30,6,193,1
1568,0,36,2,68,1
1569,1,47,5,237,1
1570,0,39,2,54,3
1571,0,16,0,29,0
1572,2,48,5,265,2
1573,1,59,5,138,3
1574,0,58,6,165,2
1575,2,41,1,135,0
1576,0,41,6,156,1
1577,2,49,6,289,0
1578,1,36,3,205,1
1579,1,58,7,158,3
1580,1,47,3,150,3
1581,1,42,2,83,3
1582,2,27,5,216,1
1583,0,34,5,99,2
1584,1,36,0,171,0
1585,2,18,1,126,3
1586,0,39,2,133,2
1587,0,56,0,289,3
1588,1,21,7,215,1
1589,1,50,1,90,2
1590,0,51,2,208,3
1591,0,59,0,88,1
1592,0,17,7,18,1
1593,0,58,0,10,3
1594,2,40,3,232,3
1595,0,28,7,110,1
1596,0,55,7,147,2
1597,2,17,0,48,3
1598,2,23,5,254,2
1599,0,16,5,268,3
1600,1,55,6,220,0
1601,1,39,3,299,1
1602,1,48,1,252,2
1603,1,35,4,75,0
1604,0,20,2,62,3
1605,1,44,1,86,2
1606,0,24,4,128,2
1607,2,59,5,68,1
1608,1,23,4,74,0
1609,0,49,1,170,0
1610,0,39,0,266,2
1611,2,58,4,69,2
1612,2,31,4,125,2
1613,0,25,5,60,3
1614,0,56,5,202,2
1615,1,17,5,227,0
1616,1,34,3,80,0
1617,1,51,4,176,1
1618,0,43,0,218,1
1619,0,28,0,241,2
1620,1,38,7,16,1
1621,1,28,1,217,0
1622,2,44,7,293,2
1623,1,42,2,59,0
1624,0,49,5,99,3
1625,2,27,0,204,1
1626,1,54,6,203,2
1627,0,51,1,145,2
1628,2,45,2,272,0
1629,2,21,5,141,1
1630,0,37,6,222,0
1631,1,27,4,165,2
1632,0,28,1,215,1
1633,1,22,5,111,3
1634,0,49,6,55,3
1635,0,16,2,184,3
1636,1,31,5,56,1
1637,1,28,2,52,0
1638,0,48,0,292,1
1639,2,45,5,155,2
1640,1,18,2,274,3
1641,2,54,5,299,2
1642,2,35,1,262,1
1643,1,46,6,224,2
1644,2,24,7,283,3
1645,0,41,2,220,2
1646,0,39,6,95,3
1647,1,41,5,64,3
1648,1,40,5,145,0
1649,1,40,2,25,3
1650,2,30,5,25,3
1651,1,18,6,137,0
1652,1,52,1,59,0
1653,0,56,0,236,3
1654,1,57,3,158,1
1655,2,36,6,135,0
1656,1,47,1,99,1
1657,0,37,6,138,1
1658,1,48,2,107,2
1659,1,53,6,196,3
1660,0,17,1,151,2
1661,2,54,1,218,1
1662,2,55,7,33,3
1663,1,35,6,138,2
1664,1,37,6,221,2
1665,1,34,2,234,2
1666,2,33,0,236,1
1667,0,55,4,242,1
1668,1,24,5,118,3
1669,0,35,6,98,3
1670,1,41,2,108,3
1671,2,51,4,198,3
1672,0,16,3,148,2
1673,1,45,2,198,3
1674,2,34,0,245,0
1675,0,48,4,272,1
1676,0,49,1,24,3
1677,1,46,4,291,2
1678,1,35,3,244,2
1679,0,18,2,29,3
1680,0,36,7,189,1
1681,0,58,6,237,1
1682,0,24,2,246,1
1683,0,46,4,213,1
1684,2,35,6,182,1
1685,0,34,2,16,1
1686,1,18,3,294,0
1687,0,39,7,140,1
1688,0,33,3,110,1
1689,0,29,6,93,1
1690,1,41,4,221,2
1691,0,35,6,142,2
1692,1,51,1,72,3
1693,1,45,1,256,3
1694,0,17,0,66,1
1695,1,29,6,81,2
1696,0,30,2,37,3
1697,1,52,7,92,2
1698,0,53,7,32,0
1699,0,34,2,175,3
1700,1,32,2,106,0
1701,1,58,3,154,2
1702,2,23,4,210,2
1703,1,16,2,226,0
1704,2,57,2,78,3
1705,0,25,3,220,1
1706,2,53,6,124,0
1707,2,59,7,217,3
1708,1,21,1,41,1
1709,2,22,1,205,2
1710,1,16,7,166,2
1711,1,43,7,271,3
1712,2,59,2,66,1
1713,0,52,6,280,3
1714,0,50,2,62,1
1715,2,57,0,53,3
1716,0,37,3,90,2
1717,1,19,2,23,3
1718,1,29,4,57,1
1719,0,46,2,226,3
1720,0,53,6,274,3
1721,1,23,4,133,3
1722,2,34,1,95,1
1723,0,49,3,68,2
1724,0,23,7,146,3
1725,1,16,4,281,1
1726,0,32,7,59,1
1727,0,21,0,263,0
1728,0,40,2,180,1
1729,0,59,4,188,1
1730,0,45,5,99,1
1731,0,38,3,290,2
1732,2,49,6,239,0
1733,0,17,0,114,0
1734,1,19,4,23,3
1735,2,39,5,89,1
1736,1,22,2,279,2
1737,2,20,6,180,2
1738,1,52,1,154,3
1739,2,23,6,267,2
1740,1,20,0,119,0
1741,0,34,7,167,0
1742,0,32,3,111,1
1743,0,47,3,87,0
1744,1,26,2,163,1
1745,2,59,4,283,2
1746,2,16,5,90,0
1747,0,35,6,101,2
1748,0,57,7,64,0
1749,2,26,6,137,1
1750,0,20,1,189,0
1751,1,27,1,134,3
1752,2,17,4,173,3
1753,1,57,6,219,2
1754,0,49,6,156,2
1755,1,45,2,285,3
1756,0,57,3,179,0
1757,1,44,0,12,3
1758,1,34,4,137,1
1759,2,23,4,105,2
1760,2,36,0,72,1
1761,1,34,1,171,2
1762,2,54,2,290,1
1763,2,35,3,47,0
1764,0,31,5,154,3
1765,1,50,2,50,1
1766,2,17,2,59,3
1767,0,49,6,166,3
1768,2,21,2,214,0
1769,2,46,2,157,2
1770,2,53,6,38,3
1771,0,52,2,243,2
1772,2,35,2,261,3
1773,1,21,6,113,3
1774,2,34,6,294,2
1775,2,33,2,50,3
1776,2,26,4,209,3
1777,0,22,7,274,2
1778,1,22,7,156,1
1779,0,27,4,27,2
1780,2,37,0,276,1
1781,0,29,4,142,0
1782,1,28,6,277,2
1783,0,21,7,150,1
1784,1,46,6,169,2
1785,1,25,1,52,1
1786,0,59,2,72,0
1787,0,37,4,197,2
1788,1,55,0,54,0
1789,2,57,3,32,1
1790,1,48,4,216,0
1791,2,49,4,155,3
1792,1,16,2,186,2
1793,1,46,0,16,1
1794,1,47,5,268,1
1795,2,36,4,278,1
1796,2,34,0,233,2
1797,2,57,7,172,0
1798,2,45,2,162,1
1799,1,52,1,95,0
1800,0,24,2,157,0
1801,2,24,4,220,3
1802,2,29,4,296,2
1803,2,47,2,66,3
1804,1,55,7,170,2
1805,0,41,0,36,2
1806,1,57,1,199,0
1807,1,22,0,127,2
1808,1,41,5,34,1
1809,1,29,2,293,3
1810,1,59,3,63,2
1811,1,17,4,101,2
1812,1,32,6,187,2
1813,2,42,2,131,1
1814,0,46,3,14,2
1815,2,53,0,141,1
1816,1,16,2,120,0
1817,2,19,3,102,1
1818,1,51,0,140,1
1819,2,43,4,171,3
1820,1,59,1,243,2
1821,0,52,7,119,0
1822,2,51,5,263,1
1823,0,26,4,66,2
1824,0,26,6,10,0
1825,2,20,4,203,0
1826,0,33,3,235,3
1827,2,56,6,201,2
1828,1,33,0,181,1
1829,1,31,4,239,3
1830,1,58,2,10,2
1831,2,22,7,93,1
1832,0,48,3,183,2
1833,1,17,0,234,3
1834,2,35,2,197,3
1835,2,39,2,62,1
1836,1,16,6,157,0
1837,0,48,0,124,3
1838,2,42,6,64,2
1839,0,20,0,276,0
1840,0,26,5,40,3
1841,2,37,7,226,2
1842,1,51,5,267,2
1843,1,42,6,297,1
1844,0,25,1,44,0
1845,1,18,1,264,1
1846,1,19,3,125,0
1847,0,23,3,263,2
1848,0,17,2,285,1
1849,1,22,1,128,2
1850,0,20,1,80,1
1851,0,30,0,66,3
1852,2,31,2,84,3
1853,1,17,7,136,0
1854,2,28,4,273,3
1855,2,24,5,297,1
1856,0,32,3,96,0
1857,0,26,4,26,2
1858,0,42,0,29,2
1859,1,39,6,94,0
1860,2,19,3,129,0
1861,2,22,7,251,2
1862,2,55,2,279,3
1863,1,51,5,239,3
1864,2,42,6,199,0
1865,2,35,4,45,2
1866,2,34,1,84,1
1867,0,45,0,58,2
1868,1,27,0,279,2
1869,2,36,1,287,1
1870,1,37,4,187,2
1871,2,21,3,116,1
1872,0,57,4,30,2
1873,0,56,5,241,3
1874,2,58,6,282,2
1875,1,33,5,33,0
1876,1,57,3,82,0
1877,1,37,7,21,1
1878,2,51,2,186,3
1879,0,23,6,19,1
1880,1,56,7,85,3
1881,2,54,2,278,3
1882,1,43,3,88,2
1883,2,22,4,245,2
1884,1,47,1,139,3
1885,2,45,3,151,3
1886,1,18,7,165,1
1887,2,56,2,146,0
1888,2,55,2,252,1
1889,1,48,0,206,0
1890,1,22,7,200,1
1891,1,28,0,71,3
1892,2,45,0,171,0
1893,2,58,4,26,2
1894,2,31,2,236,2
1895,2,42,5,136,1
1896,2,58,0,164,1
1897,1,48,1,169,2
1898,0,58,0,285,0
1899,1,38,2,105,1
1900,2,18,3,217,2
1901,1,28,7,204,2
1902,1,44,3,107,2
1903,2,37,7,15,3
1904,2,18,7,200,2
1905,2,19,4,118,1
1906,1,24,0,170,0
1907,0,43,0,264,3
1908,2,16,4,113,0
1909,2,20,2,262,3
1910,0,22,4,251,1
1911,2,43,2,71,3
1912,2,27,1,133,2
1913,1,38,0,164,0
1914,0,31,4,13,1
1915,2,29,5,227,1
1916,2,59,2,286,1
1917,2,34,5,267,3
1918,1,24,5,276,0
1919,2,37,4,46,2
1920,1,30,6,79,3
1921,2,27,7,93,1
1922,0,40,6,27,2
1923,1,50,6,133,1
1924,1,41,7,210,0
1925,1,31,0,229,2
1926,2,29,2,175,1
1927,1,31,1,285,3
1928,2,19,6,13,2
1929,2,33,3,49,0
1930,0,30,1,193,0
1931,2,34,5,248,1
1932,0,18,7,151,1
1933,1,26,5,151,1
1934,1,26,3,29,3
1935,1,51,7,126,0
1936,2,24,2,93,0
1937,0,54,3,101,1
1938,2,50,0,26,0
1939,1,59,1,97,1
1940,0,26,7,252,1
1941,0,55,5,271,3
1942,2,36,1,140,0
1943,2,35,6,235,0
1944,2,19,7,34,0
1945,1,27,2,75,2
1946,1,47,1,156,3
1947,0,47,1,107,2
1948,2,40,6,18,3
1949,1,25,7,213,3
1950,0,29,1,223,1
1951,0,21,4,286,1
1952,1,38,2,31,0
1953,0,46,1,151,2
1954,1,47,6,243,1
1955,2,51,1,14,2
1956,0,52,0,225,3
1957,2,59,3,30,2
1958,0,43,7,294,1
1959,0,24,6,192,3
1960,0,30,6,217,1
1961,1,45,1,241,1
1962,0,46,0,178,0
1963,2,36,2,211,2
1964,2,50,4,260,2
1965,2,37,1,189,1
1966,0,50,0,236,1
1967,1,26,3,181,1
1968,1,24,7,118,3
1969,2,46,0,124,2
1970,0,52,5,175,3
1971,0,53,6,138,2
1972,2,56,3,258,1
1973,1,39,2,130,0
1974,2,30,4,179,0
1975,2,23,0,161,3
1976,0,39,1,51,1
1977,0,55,3,248,2
1978,1,28,3,213,2
1979,1,31,1,169,0
1980,1,46,6,168,0
1981,2,20,3,133,0
1982,0,50,7,203,2
1983,1,55,3,176,2
1984,1,40,6,136,2
1985,2,54,2,198,2
1986,1,19,2,125,0
1987,0,40,0,62,0
1988,0,41,5,284,0
1989,2,22,7,72,0
1990,0,19,0,163,3
1991,1,20,1,107,1
1992,2,50,0,90,0
1993,2,36,3,160,3
1994,2,34,2,112,0
1995,1,56,2,123,0
1996,1,51,7,42,3
1997,1,36,2,30,3
1998,1,50,6,151,2
1999,0,28,1,133,1
2000,2,34,3,297,0
2001,2,17,3,229,2
2002,0,49,5,123,0
2003,1,44,2,85,3
2004,2,34,3,258,3
2005,2,40,5,92,3
2006,2,51,7,236,3
2007,1,47,5,289,2
2008,1,38,2,203,3
2009,0,20,4,171,1
2010,0,58,5,146,1
2011,1,30,0,131,0
2012,2,36,1,223,0
2013,1,58,4,173,3
2014,0,26,3,183,1
2015,1,29,5,96,3
2016,0,30,7,44,0
2017,0,21,3,194,0
2018,2,29,7,116,0
2019,2,34,5,42,3
2020,0,27,2,52,0
2021,0,20,2,37,3
2022,2,29,6,118,0
2023,2,23,2,223,1
2024,1,28,5,79,2
2025,1,59,2,155,2
2026,1,25,5,99,3
2027,0,45,4,43,1
2028,1,35,4,65,3
2029,2,37,4,89,2
2030,1,41,5,283,3
2031,2,56,1,33,2
2032,2,41,5,117,3
2033,2,18,2,96,0
2034,1,39,1,20,0
2035,0,28,3,203,0
2036,0,47,6,244,3
2037,2,58,5,97,0
2038,0,45,7,169,0
2039,2,40,6,147,3
2040,2,24,4,247,3
2041,0,44,7,25,2
2042,2,57,5,145,3
2043,1,49,5,30,2
2044,0,29,2,22,0
2045,2,37,6,100,3
2046,0,25,5,49,1
2047,1,53,7,75,2
2048,2,20,4,272,3
2049,2,17,0,99,1
2050,2,33,5,92,0
2051,0,55,1,65,1
2052,2,26,0,61,2
2053,2,49,2,199,1
2054,2,28,5,125,1
2055,2,32,5,244,3
2056,1,54,1,127,0
2057,2,57,1,187,1
2058,0,43,1,290,1
2059,2,39,3,199,2
2060,0,18,2,185,3
2061,0,35,4,234,1
2062,2,53,0,144,1
2063,0,58,7,159,2
2064,0,56,1,144,0
2065,2,59,1,84,0
2066,0,59,4,260,0
2067,0,42,1,170,3
2068,1,29,5,79,1
2069,0,36,3,231,1
2070,0,42,2,165,2
2071,2,53,2,232,1
2072,0,26,3,296,3
2073,2,50,7,284,0
2074,0,57,7,234,2
2075,2,54,7,73,1
2076,1,16,5,159,0
2077,0,16,2,25,2
2078,0,44,1,116,0
2079,1,36,1,77,3
2080,0,20,5,272,2
2081,1,45,3,150,3
2082,0,53,1,52,1
2083,0,17,5,256,3
2084,2,53,4,67,3
2085,0,20,6,48,3
2086,0,31,7,89,1
2087,1,56,7,239,0
2088,2,48,7,179,1
2089,2,20,2,208,0
2090,2,43,1,118,0
2091,1,42,6,49,2
2092,2,23,2,293,2
2093,0,55,3,195,3
2094,0,33,2,267,1
2095,0,27,0,219,1
2096,0,22,6,67,1
2097,0,19,4,87,3
2098,0,50,5,68,1
2099,2,22,0,123,2
2100,2,34,3,152,0
2101,1,44,4,255,2
2102,0,38,6,181,0
2103,1,18,4,141,3
2104,1,23,4,137,1
2105,1,18,4,119,3
2106,2,56,5,55,3
2107,0,57,5,216,2
2108,2,23,5,37,3
2109,1,33,0,197,1
2110,2,24,3,86,1
2111,0,56,0,283,0
2112,1,18,6,240,2
2113,2,31,2,199,3
2114,0,47,4,191,0
2115,2,47,0,74,2
2116,2,25,6,194,0
2117,0,37,0,298,0
2118,2,37,6,113,2
2119,1,38,7,157,1
2120,0,29,3,141,2
2121,1,16,5,52,1
2122,1,19,6,215,1
2123,1,21,6,118,2
2124,2,41,6,110,3
2125,1,16,3,91,0
2126,0,46,6,82,0
2127,1,48,4,108,3
2128,1,39,3,57,2
2129,0,30,3,267,2
2130,2,58,6,227,2
2131,0,45,5,172,2
2132,0,18,7,21,2
2133,0,25,1,41,3
2134,1,22,1,30,1
2135,1,29,6,257,2
2136,1,19,7,292,1
2137,2,33,3,138,0
2138,0,35,3,236,3
2139,1,43,3,79,2
2140,0,19,3,157,1
2141,0,19,5,279,2
2142,1,47,3,189,1
2143,0,57,0,223,3
2144,1,39,2,114,3
2145,0,54,7,99,1
2146,1,42,2,298,0
2147,0,49,2,256,1
2148,1,48,3,30,1
2149,1,28,5,125,1
2150,1,22,2,261,2
2151,0,41,4,17,3
2152,1,49,2,131,2
2153,1,45,2,83,2
2154,0,47,4,177,3
2155,1,59,4,165,3
2156,0,28,0,210,2
2157,1,44,1,261,3
2158,1,26,1,291,0
2159,1,50,1,176,0
2160,1,50,6,102,3
2161,0,41,5,107,1
2162,2,58,7,182,2
2163,2,48,7,167,1
2164,2,39,0,246,3
2165,0,44,7,185,1
2166,0,21,3,86,2
2167,0,59,0,265,2
2168,0,51,6,114,3
2169,2,17,2,240,1
2170,0,20,6,181,1
2171,0,23,3,226,2
2172,1,36,5,145,1
2173,1,58,3,133,1
2174,0,45,4,115,3
2175,0,17,0,184,0
2176,2,24,1,41,1
2177,2,17,1,288,2
2178,0,49,3,162,0
2179,2,53,6,240,1
2180,0,41,7,192,0
2181,1,59,5,106,1
2182,2,27,3,88,1
2183,0,22,6,19,3
2184,0,39,1,269,0
2185,1,53,2,174,1
2186,1,29,4,153,3
2187,1,21,0,113,1
2188,0,31,4,211,3
2189,2,16,6,14,3
2190,0,57,1,201,3
2191,1,49,1,162,1
2192,1,17,0,298,0
2193,2,54,3,167,0
2194,0,25,2,80,0
2195,0,57,4,194,2
2196,2,32,2,141,3
2197,2,45,1,91,1
2198,1,34,5,20,3
2199,0,58,0,250,2
2200,0,56,3,166,3
2201,2,38,6,149,2
2202,0,49,0,17,0
2203,0,24,6,128,2
2204,2,59,7,129,2
2205,1,45,3,136,1
2206,1,41,5,130,0
2207,0,34,2,179,3
2208,0,27,6,43,0
2209,0,58,5,260,1
2210,2,47,4,64,3
2211,2,47,0,58,1
2212,2,55,3,276,3
2213,2,16,6,130,2
2214,1,42,3,53,3
2215,0,21,1,184,2
2216,2,22,6,209,0
2217,0,23,2,168,1
2218,0,55,0,27,3
2219,2,33,5,54,3
2220,2,57,4,22,1
2221,1,33,3,87,2
2222,2,42,5,198,0
2223,0,48,3,252,0
2224,1,43,7,50,0
2225,0,39,3,171,3
2226,0,22,6,175,1
2227,2,34,5,213,0
2228,1,28,4,83,0
2229,0,17,1,235,3
2230,1,30,3,276,2
2231,1,16,1,229,3
2232,2,16,3,94,1
2233,1,34,6,201,2
2234,1,57,5,90,2
2235,1,42,0,77,3
2236,2,37,1,94,1
2237,2,31,1,166,3
2238,0,40,2,235,2
2239,2,37,6,105,3
2240,0,56,4,97,2
2241,0,46,2,168,3
2242,0,25,4,19,1
2243,0,28,5,294,1
2244,2,23,7,137,1
2245,2,54,2,161,1
2246,0,35,2,253,2
2247,0,44,6,221,2
2248,2,50,5,31,3
2249,1,32,3,170,3
2250,0,51,3,213,3
2251,1,58,4,163,1
2252,1,28,4,175,2
2253,1,27,4,155,1
2254,0,54,3,136,0
2255,1,42,6,48,2
2256,2,48,5,141,1
2257,0,28,7,33,0
2258,1,39,3,290,3
2259,2,49,2,50,3
2260,0,36,7,266,0
2261,1,20,3,294,3
2262,0,39,1,194,2
2263,1,20,6,260,2
2264,1,59,3,283,3
2265,1,59,1,135,3
2266,1,38,0,28,3
2267,0,47,7,45,2
2268,1,21,0,234,0
2269,0,24,2,270,0
2270,1,41,5,120,2
2271,0,59,2,229,3
2272,0,42,4,126,0
2273,0,31,4,172,2
2274,2,20,4,166,2
2275,1,53,3,49,0
2276,0,46,3,279,1
2277,1,59,1,235,1
2278,0,46,3,91,1
2279,0,38,3,215,2
2280,0,24,6,175,0
2281,1,32,1,182,2
2282,2,30,5,86,1
2283,1,25,3,189,0
2284,2,32,2,77,1
2285,0,36,7,71,1
2286,1,51,0,235,0
2287,0,32,2,295,3
2288,0,24,7,105,0
2289,0,24,4,32,3
2290,0,48,1,183,0
2291,2,27,2,86,2
2292,2,35,6,163,2
2293,2,51,3,46,1
2294,0,40,3,146,2
2295,0,21,0,121,1
2296,0,46,2,119,1
2297,0,40,1,45,1
2298,2,42,0,47,1
2299,1,58,7,50,0
2300,0,51,4,273,2
2301,2,53,4,147,2
2302,2,22,0,51,3
2303,2,45,2,13,2
2304,2,22,7,158,1
2305,0,44,5,46,2
2306,1,31,2,37,0
2307,1,44,2,246,0
2308,0,52,5,238,3
2309,0,24,0,198,3
2310,2,30,7,129,2
2311,0,34,1,297,0
2312,1,32,1,281,3
2313,0,58,7,120,2
2314,0,39,2,113,0
2315,0,43,6,288,1
2316,2,27,0,198,2
2317,2,23,7,228,2
2318,0,36,7,44,0
2319,1,47,3,203,3
2320,1,49,2,272,2
2321,2,30,0,273,1
2322,0,49,4,137,0
2323,2,53,7,127,2
2324,1,40,4,13,3
2325,1,57,2,18,0
2326,1,50,6,150,0
2327,0,57,5,140,3
2328,2,33,7,28,1
2329,1,39,5,53,1
2330,1,51,6,290,2
2331,2,44,1,214,0
2332,1,47,4,170,3
2333,2,53,6,202,3
2334,1,55,2,250,3
2335,2,47,0,159,0
2336,1,49,3,165,2
2337,2,22,3,118,2
2338,2,31,7,91,2
2339,2,32,3,72,1
2340,0,48,6,188,2
2341,0,17,3,172,3
2342,0,42,1,30,3
2343,1,22,6,49,2
2344,1,32,3,128,1
2345,1,26,7,119,2
2346,0,45,5,80,2
2347,0,38,1,84,3
2348,0,38,0,87,3
2349,2,41,0,22,0
2350,1,24,5,199,3
2351,1,35,0,163,3
2352,2,23,4,92,0
2353,0,27,2,252,1
2354,1,18,7,124,1
2355,0,55,3,271,3
2356,1,21,7,26,2
2357,1,48,1,50,3
2358,0,20,4,275,1
2359,0,32,0,175,0
2360,0,42,0,109,1
2361,2,19,0,187,2
2362,0,22,2,244,3
2363,0,50,2,123,3
2364,1,52,1,15,2
2365,1,31,1,88,1
2366,2,23,4,122,2
2367,0,31,6,169,0
2368,2,16,1,68,2
2369,0,39,3,62,0
2370,0,26,4,67,3
2371,2,45,7,254,0
2372,2,50,4,128,2
2373,0,57,5,126,3
2374,1,47,4,156,1
2375,2,57,3,22,3
2376,0,32,5,32,1
2377,1,33,5,52,3
2378,1,35,4,162,1
2379,2,37,0,85,3
2380,1,35,1,204,1
2381,1,34,6,193,0
2382,1,37,7,298,0
2383,0,47,3,219,1
2384,0,28,2,282,2
2385,2,43,0,135,1
2386,1,58,1,100,2
2387,1,53,4,44,3
2388,1,47,2,153,2
2389,2,53,0,283,3
2390,1,34,5,296,1
2391,1,37,6,284,1
2392,1,37,7,51,0
2393,2,58,5,67,3
2394,0,23,4,131,3
2395,1,21,4,108,3
2396,0,22,5,193,2
2397,1,59,4,185,1
2398,2,48,2,207,0
2399,2,30,1,168,3
2400,1,55,4,266,1
2401,1,52,0,72,2
2402,1,44,4,25,0
2403,0,26,0,166,1
2404,1,32,1,126,3
2405,1,55,5,160,0
2406,2,57,5,31,1
2407,2,50,7,281,1
2408,1,21,3,231,1
2409,2,25,3,95,1
2410,0,28,2,182,2
2411,2,45,4,76,2
2412,0,52,7,151,1
2413,0,44,7,105,3
2414,2,16,4,23,0
2415,2,35,1,60,3
2416,1,19,3,237,0
2417,2,41,2,15,2
2418,1,16,7,129,2
2419,0,39,1,158,1
2420,1,24,4,95,1
2421,1,53,4,157,3
2422,0,58,6,284,2
2423,1,48,6,224,1
2424,1,39,7,176,3
2425,1,37,2,199,2
2426,0,32,5,87,3
2427,2,57,7,35,3
2428,0,52,3,126,0
2429,1,37,0,186,3
2430,1,34,6,14,0
2431,1,44,1,42,1
2432,0,32,5,264,1
2433,0,17,6,80,2
2434,0,49,0,279,0
2435,1,31,2,226,1
2436,1,26,4,79,2
2437,2,37,4,179,2
2438,0,30,4,240,3
2439,1,22,0,257,1
2440,1,52,2,293,3
2441,0,45,6,267,0
2442,0,54,3,283,1
2443,1,35,2,69,2
2444,2,30,4,21,3
2445,0,20,3,218,1
2446,2,33,0,149,3
2447,1,50,4,84,0
2448,2,41,1,69,1
2449,2,37,2,252,1
2450,1,42,5,13,2
2451,2,53,6,290,1
2452,1,22,3,13,2
2453,0,19,7,165,2
2454,1,22,0,131,2
2455,2,30,5,50,1
2456,1,51,2,116,0
2457,0,16,6,27,0
2458,1,29,6,77,1
2459,0,51,7,28,1
2460,0,53,6,249,0
2461,0,30,2,146,1
2462,1,35,2,216,2
2463,0,46,7,56,2
2464,2,47,3,48,1
2465,2,17,3,285,1
2466,2,47,7,214,3
2467,0,28,3,27,2
2468,2,41,1,87,1
2469,1,43,1,205,0
2470,2,56,7,289,1
2471,1,59,6,11,3
2472,2,47,7,87,3
2473,2,28,5,19,0
2474,2,31,2,262,1
2475,0,40,5,295,0
2476,2,19,1,148,2
2477,1,53,3,126,0
2478,2,59,0,188,1
2479,2,17,5,296,2
2480,0,46,0,11,1
2481,2,38,2,23,2
2482,2,44,4,82,3
2483,1,16,0,270,2
2484,1,18,3,45,0
2485,0,20,2,135,0
2486,1,25,7,170,3
2487,2,33,1,246,0
2488,0,41,2,166,3
2489,0,37,1,100,3
2490,2,52,7,294,2
2491,1,36,7,175,3
2492,0,39,7,296,1
2493,2,28,1,21,1
2494,1,38,6,82,0
2495,2,35,3,213,3
2496,1,30,1,271,3
2497,1,43,3,187,0
2498,2,29,7,251,1
2499,0,42,6,293,0
2500,1,38,7,95,2
2501,2,38,2,225,3
2502,0,58,0,143,3
2503,1,47,3,157,2
2504,0,26,7,285,1
2505,0,45,3,263,0
2506,0,18,2,235,3
2507,1,27,2,112,0
2508,0,58,0,208,2
2509,2,42,5,184,3
2510,0,50,5,129,3
2511,1,25,7,211,2
2512,1,31,5,146,2
2513,0,25,1,297,0
2514,0,22,2,28,0
2515,2,51,1,84,0
2516,2,46,6,103,2
2517,0,45,3,282,2
2518,2,53,6,157,0
2519,0,23,4,152,1
2520,0,21,6,233,2
2521,0,28,1,111,3
2522,2,21,4,297,2
2523,2,37,6,46,3
2524,0,33,2,56,1
2525,0,50,6,118,1
2526,0,17,3,98,1
2527,0,51,1,178,3
2528,0,46,7,97,0
2529,0,39,7,165,2
2530,0,45,2,85,2
2531,0,59,6,137,0
2532,1,16,4,215,2
2533,0,17,6,48,3
2534,1,58,7,60,0
2535,2,26,3,229,0
2536,0,46,4,33,3
2537,0,52,6,272,0
2538,0,39,0,126,3
2539,1,54,1,201,2
2540,2,17,5,143,2
2541,2,26,3,52,2
2542,2,52,0,19,1
2543,1,52,5,151,2
2544,2,39,0,137,2
2545,2,54,3,273,3
2546,0,51,2,132,0
2547,2,17,1,190,0
2548,1,51,6,107,2
2549,1,35,0,296,0
2550,2,18,6,102,3
2551,2,48,0,39,3
2552,1,17,4,77,3
2553,2,37,4,34,3
2554,1,29,4,110,1
2555,0,33,1,154,1
2556,2,22,6,207,3
2557,2,48,3,212,1
2558,0,52,4,143,0
2559,1,57,0,207,0
2560,2,27,3,78,2
2561,2,25,4,266,3
2562,0,27,7,175,2
2563,2,41,4,21,1
2564,1,56,4,122,3
2565,0,43,3,265,2
2566,1,51,5,76,0
2567,1,56,4,223,2
2568,1,38,7,83,1
2569,1,16,2,180,1
2570,0,54,3,23,0
2571,2,43,1,190,3
2572,0,29,0,55,0
2573,1,30,6,163,0
2574,2,17,6,108,2
2575,2,50,2,184,3
2576,2,43,0,123,0
2577,2,19,5,285,1
2578,0,34,6,197,1
2579,1,53,3,47,2
2580,2,31,0,90,3
2581,2,25,5,11,0
2582,2,23,7,234,2
2583,1,41,7,197,0
2584,1,37,4,46,3
2585,2,34,3,181,3
2586,0,42,7,114,2
2587,2,54,2,55,2
2588,0,37,5,120,2
2589,2,38,4,149,1
2590,0,40,1,151,1
2591,0,42,0,257,2
2592,0,46,7,257,3
2593,2,22,7,33,2
2594,2,52,5,296,3
2595,1,53,2,146,3
2596,1,16,3,27,3
2597,0,33,0,75,2
2598,1,19,5,171,2
2599,0,30,3,23,0
2600,2,48,4,230,2
2601,2,45,6,164,1
2602,0,57,6,120,3
2603,2,57,1,220,1
2604,0,33,5,33,1
2605,2,44,1,10,1
2606,2,49,5,275,3
2607,2,34,2,147,1
2608,0,38,0,211,2
2609,0,30,7,39,1
2610,2,33,6,111,0
2611,0,47,5,109,0
2612,2,23,0,64,1
2613,0,41,5,18,2
2614,2,30,5,141,2
2615,0,28,2,89,2
2616,0,17,0,260,0
2617,0,52,5,149,0
2618,0,55,1,88,3
2619,2,20,2,251,3
2620,0,44,4,256,1
2621,2,56,0,191,2
2622,2,53,0,222,0
2623,0,42,3,248,2
2624,1,38,7,247,2
2625,0,18,1,183,1
2626,2,53,3,144,2
2627,1,49,4,13,0
2628,1,41,3,188,2
2629,2,47,6,128,2
2630,1,26,7,160,2
2631,0,30,0,102,0
2632,0,56,3,120,2
2633,2,52,0,61,1
2634,2,20,0,45,2
2635,2,38,7,111,3
2636,1,46,2,112,3
2637,2,18,0,78,0
2638,0,39,7,280,0
2639,2,38,3,246,1
2640,1,33,6,13,2
2641,2,57,4,209,1
2642,1,27,1,12,0
2643,1,46,5,213,0
2644,0,45,3,276,2
2645,2,45,3,238,3
2646,2,20,4,167,1
2647,2,26,1,123,3
2648,0,20,2,28,2
2649,2,38,2,55,3
2650,1,56,2,17,2
2651,0,28,3,209,1
2652,2,33,2,31,0
2653,2,19,4,122,3
2654,0,38,6,274,0
2655,0,50,7,153,2
2656,1,58,0,117,1
2657,1,55,2,14,2
2658,1,38,1,173,0
2659,1,44,0,277,1
2660,2,59,7,77,3
2661,1,51,3,229,3
2662,1,21,5,39,2
2663,2,28,1,174,1
2664,1,54,3,278,0
2665,0,17,5,253,1
2666,2,32,3,182,0
2667,0,57,3,36,3
2668,2,28,1,12,1
2669,0,48,5,183,2
2670,1,47,6,41,3
2671,1,56,1,242,2
2672,1,59,2,275,1
2673,2,31,6,76,2
2674,0,49,3,103,2
2675,0,46,0,163,2
2676,1,37,1,92,0
2677,2,41,0,134,1
2678,0,23,6,288,1
2679,0,35,2,26,3
2680,0,29,6,246,2
2681,0,18,3,224,2
2682,0,23,7,52,2
2683,0,53,2,67,2
2684,1,27,0,254,1
2685,1,22,1,74,1
2686,2,30,7,296,3
2687,0,49,1,146,0
2688,1,55,6,96,3
2689,0,55,7,203,3
2690,2,22,2,274,1
2691,1,19,2,145,2
2692,1,47,6,122,3
2693,0,26,0,41,0
2694,1,25,0,298,0
2695,0,41,1,64,3
2696,2,22,3,237,2
2697,0,41,5,16,1
2698,2,39,6,180,1
2699,0,56,7,143,1
2700,2,17,4,50,2
2701,0,41,2,99,2
2702,1,43,3,131,3
2703,2,22,2,164,2
2704,0,48,2,184,3
2705,2,26,3,94,2
2706,2,57,5,220,1
2707,0,29,2,180,2
2708,1,17,4,104,3
2709,1,43,3,260,1
2710,2,33,3,52,2
2711,2,45,6,27,0
2712,1,56,4,236,3
2713,2,49,0,252,2
2714,0,37,4,190,2
2715,2,34,5,266,1
2716,0,28,0,72,1
2717,1,28,1,43,2
2718,1,19,7,210,2
2719,2,26,0,253,3
2720,2,24,4,78,2
2721,1,17,4,223,3
2722,2,34,3,187,3
2723,1,51,2,232,2
2724,2,51,6,92,1
2725,0,43,0,230,2
2726,2,56,3,264,1
2727,1,18,0,174,2
2728,0,50,4,17,3
2729,2,50,5,30,3
2730,1,22,2,217,1
2731,1,24,0,52,1
2732,1,59,6,67,0
2733,2,20,3,248,2
2734,1,37,3,51,1
2735,0,30,1,65,0
2736,2,37,4,245,2
2737,2,21,5,202,2
2738,0,56,2,227,0
2739,1,46,1,104,3
2740,1,32,3,41,2
2741,2,23,1,241,2
2742,2,53,1,249,1
2743,2,16,3,115,2
2744,0,48,7,236,3
2745,2,34,6,187,2
2746,0,54,3,123,1
2747,0,30,7,27,3
2748,1,25,7,215,3
2749,0,40,0,29,1
2750,2,46,6,42,0
2751,0,52,2,118,0
2752,2,51,2,142,0
2753,1,29,6,182,1
2754,0,54,0,204,3
2755,2,19,7,188,2
2756,0,35,2,232,1
2757,1,33,5,274,3
2758,0,27,4,32,1
2759,2,19,4,210,3
2760,1,16,0,111,1
2761,0,19,7,196,2
2762,2,34,4,125,1
2763,0,17,1,86,3
2764,1,19,2,12,0
2765,0,40,7,242,2
2766,2,41,0,21,3
2767,0,19,5,16,0
2768,2,18,1,168,3
2769,2,22,3,253,3
2770,1,53,6,203,1
2771,0,32,6,28,2
2772,2,18,4,132,1
2773,1,29,4,267,0
2774,2,33,3,98,3
2775,2,43,6,62,2
2776,2,46,1,138,3
2777,1,16,4,246,1
2778,0,19,6,159,3
2779,1,29,7,216,0
2780,2,52,1,279,3
2781,0,19,0,142,2
2782,2,43,7,273,2
2783,1,50,0,135,0
2784,1,28,6,281,3
2785,0,29,4,26,1
2786,1,30,5,225,1
2787,1,32,6,115,2
2788,2,47,7,88,2
2789,0,32,0,25,3
2790,0,34,0,235,3
2791,0,25,6,232,2
2792,2,29,1,14,0
2793,2,34,5,120,0
2794,1,19,3,93,2
2795,0,17,0,43,3
2796,1,45,3,44,1
2797,0,44,5,46,1
2798,2,44,7,276,2
2799,1,54,2,161,1
2800,2,54,6,275,2
2801,1,52,1,182,3
2802,2,26,6,261,0
2803,2,56,1,266,1
2804,2,30,1,271,1
2805,0,25,1,264,1
2806,1,21,6,281,2
2807,2,18,5,207,3
2808,1,52,0,243,0
2809,0,26,7,228,3
2810,0,41,4,243,0
2811,0,29,4,60,0
2812,2,21,6,145,3
2813,2,43,3,32,2
2814,1,38,7,183,3
2815,0,48,4,26,0
2816,0,32,7,140,3
2817,0,24,0,286,0
2818,1,35,3,236,1
2819,2,42,4,31,0
2820,1,43,3,188,2
2821,1,55,7,12,1
2822,1,32,0,164,0
2823,0,49,3,245,3
2824,0,36,3,38,0
2825,1,46,0,76,0
2826,2,52,6,196,1
2827,0,30,5,150,1
2828,2,36,6,281,3
2829,2,22,2,110,0
2830,0,55,1,106,0
2831,0,36,7,137,3
2832,0,47,4,251,0
2833,1,34,7,187,1
2834,2,23,3,173,3
2835,2,46,3,255,2
2836,1,36,6,155,3
2837,1,40,5,213,1
2838,0,47,5,150,3
2839,0,18,4,202,1
2840,0,28,6,260,0
2841,2,17,0,171,1
2842,1,29,0,199,3
2843,0,26,3,103,0
2844,1,22,6,246,1
2845,0,52,5,174,3
2846,1,41,6,235,2
2847,1,39,5,219,1
2848,0,51,2,245,3
2849,1,32,4,193,2
2850,0,30,5,279,2
2851,0,25,6,205,2
2852,2,44,2,251,1
2853,0,18,6,190,1
2854,2,57,6,184,2
2855,1,32,2,267,0
2856,1,25,0,118,0
2857,0,40,7,96,1
2858,2,33,1,172,0
2859,0,42,3,10,3
2860,0,39,6,45,1
2861,2,52,6,50,1
2862,2,26,2,183,1
2863,0,38,2,213,0
2864,0,39,6,211,0
2865,1,57,4,59,1
2866,2,44,0,161,0
2867,2,36,6,103,3
2868,0,34,3,89,2
2869,2,44,2,137,0
2870,0,23,6,257,2
2871,0,33,5,148,0
2872,1,53,7,295,3
2873,1,44,1,114,2
2874,1,53,7,167,1
2875,2,38,7,255,0
2876,2,21,3,266,1
2877,0,53,7,42,0
2878,2,54,1,52,2
2879,2,57,2,67,3
2880,0,47,5,38,2
2881,1,22,1,259,1
2882,2,31,3,49,2
2883,2,37,3,205,0
2884,2,58,1,291,0
2885,0,49,7,86,2
2886,0,54,6,106,2
2887,1,16,0,230,3
2888,1,24,6,123,3
2889,0,43,0,204,1
2890,0,28,2,252,3
2891,1,23,1,249,0
2892,2,46,2,296,1
2893,2,18,2,257,0
2894,0,47,0,257,1
2895,1,55,7,134,1
2896,2,34,6,297,2
2897,1,49,1,192,0
2898,0,45,3,83,0
2899,1,54,7,223,2
2900,2,26,4,105,3
2901,2,58,1,215,2
2902,0,29,4,212,1
2903,0,38,4,178,2
2904,0,50,7,158,2
2905,0,24,6,15,1
2906,0,39,5,247,1
2907,2,16,3,153,0
2908,0,22,3,245,1
2909,1,57,7,203,3
2910,2,28,5,78,1
2911,2,48,6,108,2
2912,0,48,3,47,0
2913,2,46,7,145,0
2914,0,46,1,81,2
2915,2,36,7,32,0
2916,1,37,6,242,3
2917,2,25,4,177,1
2918,0,21,7,283,2
2919,1,29,7,261,2
2920,0,52,4,158,2
2921,1,30,1,248,2
2922,2,26,7,174,1
2923,2,16,6,184,1
2924,0,42,4,101,3
2925,1,59,0,33,0
2926,1,48,7,228,0
2927,2,25,0,216,0
2928,0,47,1,297,0
2929,0,25,0,198,1
2930,2,30,7,28,3
2931,1,31,4,81,2
2932,0,37,5,237,2
2933,1,40,7,240,3
2934,2,24,2,163,1
2935,0,40,4,164,3
2936,2,57,1,203,0
2937,2,40,5,61,2
2938,2,41,5,136,2
2939,1,31,3,41,1
2940,0,59,6,198,1
2941,2,44,1,232,3
2942,0,33,7,107,3
2943,0,32,3,208,3
2944,1,38,2,243,2
2945,0,52,2,16,0
2946,0,22,3,208,3
2947,0,52,3,111,3
2948,0,51,6,288,2
2949,0,29,0,124,2
2950,1,35,6,252,1
2951,0,23,5,192,3
2952,2,34,7,122,3
2953,0,57,7,190,0
2954,2,51,1,81,0
2955,0,19,4,138,0
2956,2,38,6,272,1
2957,2,40,2,299,0
2958,2,29,2,195,0
2959,0,34,5,129,1
2960,1,23,1,76,1
2961,2,30,7,40,0
2962,0,49,2,275,0
2963,0,46,0,54,0
2964,1,36,0,243,1
2965,1,27,1,196,3
2966,0,34,0,36,3
2967,1,37,5,280,2
2968,0,38,4,229,2
2969,1,36,5,147,0
2970,1,56,5,126,2
2971,1,35,1,288,3
2972,0,22,4,181,1
2973,2,44,2,124,3
2974,1,45,5,86,1
2975,2,39,5,124,0
2976,0,41,6,127,3
2977,2,52,5,187,3
2978,0,26,0,19,0
2979,1,18,0,234,1
2980,1,41,4,90,3
2981,2,29,5,74,0
2982,1,51,5,228,1
2983,1,42,1,43,3
2984,1,55,6,50,0
2985,2,33,7,107,0
2986,2,57,4,204,0
2987,2,32,3,95,2
2988,1,28,6,156,1
2989,2,29,4,284,2
2990,2,56,4,136,1
2991,1,51,5,259,3
2992,0,39,6,172,3
2993,0,59,4,138,3
2994,1,37,6,135,2
2995,0,56,4,167,3
2996,2,18,7,271,1
2997,0,29,0,271,2
2998,2,39,3,193,3
2999,1,45,7,146,0
3000,1,25,0,276,1
3001,1,19,7,276,2
3002,2,31,6,82,3
3003,1,40,1,250,2
3004,0,22,5,60,1
3005,2,54,5,115,1
3006,2,50,7,104,0
3007,1,53,0,219,0
3008,0,54,3,109,1
3009,1,47,0,163,0
3010,2,35,3,265,1
3011,1,29,0,117,2
3012,2,54,3,219,2
3013,0,47,7,15,2
3014,0,19,2,87,1
3015,1,37,0,50,3
3016,1,48,6,130,3
3017,1,41,1,104,0
3018,2,55,0,166,3
3019,1,28,0,126,0
3020,2,38,6,148,3
3021,1,54,5,193,0
3022,0,30,1,294,0
3023,0,56,3,51,2
3024,1,43,0,252,0
3025,0,43,0,215,1
3026,2,54,6,173,2
3027,2,39,5,207,0
3028,2,28,4,205,0
3029,0,34,5,76,1
3030,1,21,1,200,1
3031,1,19,2,170,3
3032,0,26,5,107,2
3033,2,57,7,96,2
3034,1,39,1,128,0
3035,0,28,1,223,3
3036,2,30,2,230,2
3037,2,18,1,150,1
3038,1,51,5,251,1
3039,2,27,4,226,3
3040,2,42,1,211,1
3041,0,51,6,190,0
3042,2,51,3,192,3
3043,2,57,1,130,2
3044,2,22,6,113,0
3045,0,37,2,285,1
3046,1,34,7,200,0
3047,1,59,2,277,2
3048,1,21,7,269,0
3049,1,20,4,190,1
3050,1,52,3,70,2
3051,1,41,2,58,2
3052,0,51,4,206,1
3053,2,55,0,54,3
3054,0,59,4,45,2
3055,0,56,5,276,0
3056,0,22,1,100,0
3057,0,20,6,213,3
3058,2,19,6,64,2
3059,1,42,4,92,3
3060,1,47,2,274,1
3061,2,54,7,218,0
3062,2,49,2,72,3
3063,2,43,0,92,2
3064,2,41,6,288,0
3065,0,30,5,234,0
3066,2,41,0,64,1
3067,0,43,4,36,1
3068,0,53,0,14,1
3069,2,24,4,59,1
3070,1,17,3,280,0
3071,0,32,3,247,2
3072,0,18,5,104,1
3073,1,34,3,256,1
3074,2,34,4,222,0
3075,0,56,2,246,1
3076,0,38,5,114,3
3077,2,50,6,179,3
3078,2,30,1,18,3
3079,1,51,5,87,3
3080,1,34,1,293,3
3081,2,18,4,12,2
3082,1,42,5,226,2
3083,0,23,5,128,3
3084,1,18,7,97,2
3085,0,45,0,236,3
3086,1,26,2,110,0
3087,1,18,0,27,2
3088,0,50,4,40,1
3089,2,42,5,127,3
3090,0,40,3,213,0
3091,0,50,6,207,3
3092,1,28,7,88,3
3093,0,36,1,293,1
3094,1,24,3,191,1
3095,0,48,1,272,0
3096,2,43,6,196,2
3097,0,22,4,129,1
3098,1,35,0,76,3
3099,0,47,6,135,2
3100,2,30,5,42,1
3101,0,37,6,220,0
3102,2,36,0,118,1
3103,1,39,1,244,1
3104,0,55,7,144,2
3105,0,18,2,192,0
3106,0,19,5,279,2
3107,2,50,1,209,1
3108,1,57,4,248,3
3109,0,51,3,46,2
3110,0,34,4,33,2
3111,0,23,5,53,3
3112,2,32,7,82,1
3113,0,37,2,244,2
3114,1,21,3,285,0
3115,2,43,1,14,2
3116,1,38,3,205,1
3117,1,59,7,151,3
3118,2,20,3,185,2
3119,0,52,7,10,3
3120,0,40,1,141,1
3121,2,28,4,110,1
3122,0,49,4,148,2
3123,0,26,0,77,2
3124,2,16,4,122,0
3125,0,37,2,81,2
3126,2,46,5,190,1
3127,1,40,4,111,2
3128,2,41,1,68,0
3129,1,38,0,51,2
3130,1,51,6,102,0
3131,0,23,7,273,0
3132,2,18,3,74,3
3133,1,34,5,200,0
3134,0,28,7,248,2
3135,2,51,1,127,3
3136,0,54,3,231,3
3137,1,26,4,88,0
3138,2,27,4,226,2
3139,0,41,7,246,0
3140,1,49,0,177,0
3141,2,21,6,203,1
3142,2,31,2,49,3
3143,2,55,6,251,1
3144,0,16,5,215,0
3145,1,45,4,149,0
3146,2,48,5,70,0
3147,1,21,4,39,3
3148,1,21,4,200,2
3149,2,19,3,266,2
3150,1,35,0,129,1
3151,0,35,3,242,3
3152,0,52,7,114,0
3153,1,52,6,132,2
3154,2,53,7,100,1
3155,2,35,1,26,2
3156,1,35,6,180,0
3157,2,17,5,277,3
3158,0,48,1,185,0
3159,0,59,7,113,0
3160,1,51,3,251,3
3161,2,25,5,100,1
3162,1,18,4,163,3
3163,0,43,1,66,3
3164,0,18,6,243,1
3165,0,20,0,135,3
3166,0,36,5,213,3
3167,0,16,1,24,1
3168,1,38,1,85,1
3169,1,24,2,212,3
3170,2,22,0,256,1
3171,2,30,6,23,2
3172,0,18,0,281,2
3173,0,24,5,138,2
3174,0,27,6,247,0
3175,0,37,3,64,0
3176,1,44,2,242,3
3177,1,24,3,51,0
3178,2,37,3,100,0
3179,2,41,7,213,2
3180,2,44,6,287,2
3181,0,37,6,38,1
3182,0,54,7,106,2
3183,2,33,1,174,2
3184,2,32,6,157,2
3185,0,25,1,263,1
3186,1,22,0,165,3
3187,2,53,2,34,3
3188,2,36,3,122,0
3189,2,22,7,236,0
3190,0,42,5,31,0
3191,0,45,7,104,3
3192,1,34,3,64,1
3193,0,39,6,37,0
3194,1,22,7,282,0
3195,0,48,1,291,1
3196,1,29,3,154,0
3197,1,16,0,71,0
3198,1,42,2,107,3
3199,1,27,1,91,2
3200,2,32,4,54,0
3201,1,29,6,195,0
3202,2,29,5,222,2
3203,2,33,4,184,2
3204,1,23,4,218,2
3205,1,59,7,260,1
3206,2,55,7,183,2
3207,2,37,3,46,1
3208,0,48,2,148,2
3209,2,23,0,71,2
3210,1,17,3,31,0
3211,0,40,7,36,0
3212,2,58,2,29,0
3213,2,57,7,201,3
3214,0,55,0,102,2
3215,0,16,0,262,0
3216,1,56,1,98,2
3217,0,27,7,226,1
3218,0,29,4,273,0
3219,2,55,3,286,3
3220,0,19,2,24,3
3221,2,38,6,267,2
3222,2,44,5,270,1
3223,1,19,1,168,0
3224,0,22,6,258,2
3225,1,56,4,121,2
3226,2,42,2,113,2
3227,0,53,4,61,3
3228,1,46,1,86,0
3229,2,55,6,173,2
3230,0,21,6,65,2
3231,2,23,7,230,1
3232,0,20,4,289,1
3233,0,40,3,150,3
3234,2,35,1,27,3
3235,0,30,5,30,0
3236,1,20,4,269,0
3237,1,47,3,237,0
3238,0,59,5,123,2
3239,2,41,2,149,2
3240,0,18,6,286,2
3241,0,58,6,45,3
3242,1,27,7,65,3
3243,2,45,7,262,0
3244,1,38,4,262,1
3245,1,33,1,134,2
3246,0,32,0,280,0
3247,2,26,0,36,3
3248,0,51,2,12,1
3249,0,41,6,296,1
3250,1,26,0,109,0
3251,1,48,4,172,2
3252,2,19,5,118,2
3253,2,32,2,27,1
3254,1,35,0,263,1
3255,2,17,2,227,1
3256,2,20,4,159,3
3257,2,25,6,276,1
3258,0,47,3,147,2
3259,1,47,2,111,2
3260,2,27,0,275,3
3261,1,50,2,19,3
3262,2,47,4,82,2
3263,1,31,3,294,3
3264,1,45,4,183,0
3265,0,20,6,200,2
3266,2,47,6,234,0
3267,2,33,7,94,0
3268,0,43,2,130,0
3269,0,30,4,41,1
3270,2,59,5,131,3
3271,0,50,5,231,3
3272,1,28,7,170,1
3273,2,47,6,22,0
3274,0,41,3,260,0
3275,2,56,5,74,3
3276,1,23,6,112,0
3277,0,58,5,91,3
3278,0,49,2,74,1
3279,1,43,5,33,2
3280,0,16,7,228,0
3281,2,59,1,162,0
3282,2,22,1,192,3
3283,1,40,7,14,1
3284,0,24,4,198,3
3285,0,35,3,259,2
3286,0,24,5,204,0
3287,2,41,4,291,0
3288,0,39,4,132,3
3289,1,21,3,58,0
3290,2,37,1,271,0
3291,1,51,5,11,3
3292,0,16,3,212,1
3293,2,50,1,272,2
3294,1,42,6,86,1
3295,0,21,4,103,3
3296,2,41,4,33,3
3297,0,21,7,190,3
3298,2,58,3,266,0
3299,0,39,3,232,1
3300,2,42,0,24,3
3301,1,21,1,242,3
3302,1,44,5,274,1
3303,0,54,4,20,1
3304,0,19,4,128,3
3305,0,44,0,77,1
3306,1,42,1,245,3
3307,2,52,5,269,2
3308,1,49,5,256,3
3309,0,41,2,229,3
3310,2,58,4,113,1
3311,0,33,2,253,2
3312,2,57,6,72,3
3313,1,40,7,84,0
3314,1,37,4,212,0
3315,0,21,0,151,2
3316,2,49,3,155,0
3317,1,33,7,278,3
3318,1,33,6,45,1
3319,2,28,0,72,0
3320,1,53,5,136,0
3321,1,40,2,197,2
3322,2,33,4,298,3
3323,0,45,6,214,0
3324,2,24,1,150,1
3325,0,26,6,194,2
3326,1,49,6,234,0
3327,0,47,4,25,3
3328,2,22,5,217,1
3329,0,57,3,75,1
3330,1,42,7,204,1
3331,2,55,4,33,3
3332,1,53,3,299,3
3333,1,21,6,183,1
3334,0,51,1,225,2
3335,2,40,4,297,3
3336,0,30,3,101,2
3337,2,17,7,93,2
3338,1,56,6,287,1
3339,1,37,0,33,0
3340,0,18,7,156,2
3341,2,29,2,245,0
3342,2,33,1,298,1
3343,1,32,7,186,3
3344,1,21,1,291,2
3345,2,52,0,226,1
3346,2,43,5,193,3
3347,0,45,4,147,2
3348,2,59,2,206,1
3349,1,45,4,43,1
3350,2,35,1,211,1
3351,0,16,3,88,2
3352,2,46,2,22,0
3353,1,56,7,209,3
3354,1,34,5,93,0
3355,2,54,1,184,0
3356,2,52,1,169,1
3357,1,49,1,142,1
3358,2,54,6,69,2
3359,2,22,2,158,3
3360,0,41,4,214,3
3361,1,17,7,66,1
3362,1,23,1,152,3
3363,2,23,6,179,2
3364,2,24,4,213,3
3365,0,55,7,198,2
3366,1,32,0,25,0
3367,0,38,0,85,0
3368,1,35,6,170,1
3369,2,35,4,80,2
3370,0,40,7,204,1
3371,0,36,4,221,1
3372,1,49,0,73,1
3373,2,40,4,260,2
3374,0,38,5,248,3
3375,1,55,7,235,3
3376,0,33,5,83,1
3377,1,29,7,298,2
3378,2,33,6,39,1
3379,0,16,0,232,1
3380,0,48,1,125,2
3381,1,33,1,17,2
3382,2,50,2,88,0
3383,1,24,3,110,3
3384,0,21,0,262,3
3385,0,55,5,256,0
3386,2,47,7,73,2
3387,1,59,5,120,3
3388,2,49,5,36,3
3389,2,50,3,285,3
3390,1,27,3,153,3
3391,1,31,5,148,0
3392,0,18,6,201,1
3393,0,55,4,13,2
3394,1,23,3,132,2
3395,1,33,1,165,0
3396,2,35,1,272,3
3397,2,57,4,161,0
3398,1,57,7,189,0
3399,1,48,3,100,1
3400,0,37,6,57,0
3401,1,38,3,90,0
3402,1,17,6,53,0
3403,1,59,0,230,2
3404,0,24,7,24,2
3405,2,51,6,211,1
3406,2,50,2,79,0
3407,0,55,1,252,3
3408,2,16,3,153,0
3409,2,22,1,111,3
3410,0,21,5,260,3
3411,2,43,7,250,3
3412,2,19,0,163,2
3413,0,43,5,197,2
3414,1,27,0,140,1
3415,2,38,4,37,2
3416,2,41,0,212,0
3417,0,40,0,11,2
3418,0,38,2,13,3
3419,0,30,3,70,3
3420,2,54,6,197,1
3421,1,42,4,183,3
3422,1,42,0,226,2
3423,0,52,7,145,1
3424,1,24,1,195,3
3425,0,50,1,294,3
3426,0,29,7,189,1
3427,0,28,6,77,0
3428,1,26,0,147,3
3429,2,19,5,129,1
3430,1,53,2,273,3
3431,1,56,4,43,1
3432,1,19,2,19,1
3433,0,58,6,183,0
3434,0,21,5,13,0
3435,1,22,5,14,0
3436,2,30,4,272,1
3437,0,42,2,259,1
3438,1,54,4,19,1
3439,1,36,7,210,3
3440,2,40,7,275,3
3441,2,42,6,197,0
3442,2,47,5,96,0
3443,0,31,6,239,2
3444,2,16,4,133,2
3445,1,18,0,294,3
3446,1,57,7,209,2
3447,0,40,2,12,2
3448,2,58,2,155,1
3449,0,22,6,98,1
3450,2,22,0,185,0
3451,2,48,1,57,3
3452,2,42,0,85,2
3453,2,39,2,113,1
3454,2,40,0,200,2
3455,1,19,0,152,3
3456,1,55,2,50,2
3457,1,35,6,73,0
3458,0,59,7,99,2
3459,1,28,5,30,2
3460,0,45,5,125,0
3461,1,26,3,269,2
3462,1,55,4,141,1
3463,1,49,5,54,0
3464,0,21,5,146,3
3465,2,25,1,282,0
3466,1,49,5,85,3
3467,1,41,7,75,1
3468,0,52,1,191,1
3469,2,34,4,187,3
3470,2,16,5,195,1
3471,0,46,0,37,1
3472,1,17,4,65,2
3473,0,43,4,100,1
3474,1,44,4,134,0
3475,0,26,1,60,0
3476,2,27,2,261,0
3477,2,20,3,298,2
3478,0,48,3,58,0
3479,2,48,0,104,1
3480,0,24,2,185,0
3481,1,34,7,235,0
3482,0,42,1,232,1
3483,2,31,0,153,2
3484,0,48,4,176,0
3485,0,35,7,210,2
3486,2,53,4,103,0
3487,1,19,2,41,2
3488,0,59,2,16,1
3489,2,33,7,256,0
3490,2,50,5,236,2
3491,2,36,3,198,1
3492,1,49,6,233,1
3493,2,48,4,130,2
3494,0,31,7,235,3
3495,2,51,5,88,0
3496,0,17,6,41,2
3497,0,20,6,103,3
3498,1,16,2,218,0
3499,2,45,0,238,2
3500,1,19,0,154,3
3501,2,39,0,149,3
3502,1,31,6,248,0
3503,0,48,4,272,0
3504,1,36,7,231,1
3505,1,56,4,108,3
3506,1,52,3,267,3
3507,1,59,5,238,2
3508,2,58,7,195,0
3509,1,57,3,212,2
3510,2,29,0,169,1
3511,1,50,6,204,1
3512,1,34,2,144,2
3513,2,18,7,205,2
3514,1,31,6,275,0
3515,0,23,6,245,3
3516,0,54,2,282,3
3517,2,43,5,144,3
3518,1,52,1,146,3
3519,1,55,6,266,1
3520,2,46,6,90,2
3521,2,45,7,136,2
3522,1,19,2,113,0
3523,0,49,6,61,3
3524,2,58,4,231,0
3525,1,52,3,192,0
3526,1,24,1,291,1
3527,1,47,7,204,2
3528,1,42,2,37,1
3529,0,16,5,145,1
3530,1,55,4,87,2
3531,1,50,4,41,0
3532,0,29,1,51,0
3533,1,29,6,114,3
3534,2,35,5,41,3
3535,2,48,5,260,2
3536,2,38,3,123,2
3537,0,41,2,80,2
3538,0,50,6,85,0
3539,0,45,1,266,0
3540,2,42,7,230,0
3541,2,29,5,298,1
3542,1,37,2,278,1
3543,0,19,4,214,2
3544,2,57,3,157,3
3545,1,43,6,78,1
3546,0,40,7,257,0
3547,0,30,7,58,3
3548,0,33,5,75,2
3549,1,56,2,256,0
3550,0,21,0,235,3
3551,0,26,1,122,1
3552,2,36,3,285,2
3553,2,27,4,178,0
3554,0,20,1,270,3
3555,1,38,3,74,1
3556,1,29,7,223,3
3557,2,46,5,132,3
3558,0,52,7,230,0
3559,0,23,5,23,2
3560,1,18,1,116,1
3561,1,44,3,43,2
3562,2,49,0,231,1
3563,2,27,1,275,2
3564,2,45,7,153,3
3565,2,22,2,278,1
3566,0,57,3,254,0
3567,2,34,2,42,0
3568,2,36,6,152,0
3569,1,45,5,159,2
3570,0,45,0,158,2
3571,1,50,2,59,0
3572,0,22,5,272,2
3573,0,59,7,203,3
3574,2,25,6,193,0
3575,1,44,0,34,1
3576,1,32,4,233,3
3577,2,57,0,69,1
3578,1,30,2,32,2
3579,2,20,1,99,0
3580,2,23,0,141,2
3581,0,26,1,115,1
3582,0,21,4,160,0
3583,1,33,5,104,1
3584,0,56,1,269,0
3585,0,58,4,245,2
3586,2,36,4,230,0
3587,1,16,2,30,0
3588,0,44,5,279,1
3589,0,23,7,280,3
3590,0,44,5,68,1
3591,0,44,4,37,2
3592,0,51,7,226,3
3593,2,48,2,205,0
3594,2,39,2,109,3
3595,2,59,6,44,1
3596,1,55,7,258,0
3597,0,49,7,211,1
3598,0,31,0,215,3
3599,2,43,5,218,1
3600,1,52,5,255,0
3601,2,35,1,218,1
3602,0,26,2,222,0
3603,1,21,3,271,0
3604,1,44,4,85,0
3605,1,35,1,185,2
3606,1,45,1,66,3
3607,1,41,0,276,1
3608,1,41,7,256,3
3609,2,25,2,177,2
3610,0,58,3,103,1
3611,0,41,4,196,1
3612,2,30,2,178,3
3613,2,20,2,165,2
3614,2,17,4,132,2
3615,1,16,4,203,2
3616,1,23,1,201,1
3617,0,26,4,78,2
3618,1,49,2,159,0
3619,2,18,2,45,2
3620,2,29,1,89,2
3621,2,34,6,54,0
3622,1,46,6,78,2
3623,1,57,4,176,3
3624,0,25,0,74,2
3625,2,34,1,265,1
3626,1,45,3,78,2
3627,0,35,7,166,1
3628,1,50,6,254,0
3629,2,48,5,172,0
3630,0,17,2,15,2
3631,0,56,2,269,2
3632,1,30,7,154,1
3633,1,58,1,37,0
3634,2,54,5,22,3
3635,1,27,1,54,0
3636,1,33,1,107,3
3637,2,39,6,215,1
3638,2,50,4,124,2
3639,2,29,1,280,1
3640,2,37,0,182,3
3641,2,21,7,289,1
3642,1,24,7,42,1
3643,1,29,6,243,0
3644,1,16,7,173,1
3645,1,56,6,248,2
3646,1,36,3,237,2
3647,0,40,3,95,2
3648,1,38,7,209,1
3649,0,41,2,171,3
3650,1,49,5,96,1
3651,1,26,2,227,0
3652,1,24,5,226,1
3653,0,29,2,102,3
3654,0,20,6,23,0
3655,2,37,0,187,0
3656,1,36,1,27,1
3657,1,49,0,199,1
3658,2,39,1,23,3
3659,0,42,1,279,2
3660,2,47,7,262,1
3661,0,45,5,241,2
3662,2,42,3,170,3
3663,0,28,4,78,0
3664,2,24,2,219,3
3665,1,45,7,116,0
3666,0,58,3,136,2
3667,0,39,1,275,2
3668,0,41,1,234,1
3669,2,35,0,231,0
3670,1,27,5,191,1
3671,2,21,6,213,0
3672,0,19,7,93,2
3673,2,21,2,45,3
3674,2,51,7,79,3
3675,0,39,6,156,0
3676,0,25,7,125,2
3677,0,39,5,110,1
3678,1,43,4,252,0
3679,0,19,5,16,1
3680,1,30,2,116,0
3681,1,55,2,93,3
3682,2,46,5,64,3
3683,0,23,7,97,2
3684,1,33,2,274,1
3685,1,18,5,237,3
3686,1,47,6,184,2
3687,0,51,5,199,2
3688,2,16,3,72,2
3689,0,53,1,16,3
3690,1,19,2,42,3
3691,1,47,5,119,0
3692,0,53,7,153,2
3693,2,58,4,36,1
3694,0,26,0,199,0
3695,2,29,6,50,3
3696,1,57,2,171,2
3697,0,58,0,26,3
3698,2,54,0,229,2
3699,0,23,0,103,0
3700,1,36,3,210,1
3701,0,48,2,267,1
3702,0,49,0,283,0
3703,0,34,1,156,2
3704,0,43,5,277,1
3705,0,17,5,250,0
3706,0,53,0,187,3
3707,1,19,5,161,3
3708,2,29,1,28,1
3709,2,37,2,224,0
3710,2,39,0,93,3
3711,1,50,5,102,1
3712,1,30,6,287,2
3713,1,27,2,135,0
3714,1,19,2,96,2
3715,1,21,7,264,1
3716,2,49,5,30,3
3717,2,32,5,279,2
3718,2,46,1,183,1
3719,1,22,3,207,0
3720,1,46,7,152,3
3721,2,35,4,261,2
3722,1,42,1,122,3
3723,1,25,2,91,1
3724,2,58,1,230,2
3725,0,57,0,31,1
3726,0,54,0,44,3
3727,2,45,3,233,0
3728,1,42,4,299,2
3729,2,22,4,37,0
3730,0,22,4,284,1
3731,2,35,1,138,1
3732,2,26,4,112,0
3733,0,36,6,33,1
3734,0,31,5,191,3
3735,2,50,7,183,1
3736,0,48,5,197,0
3737,0,54,6,36,3
3738,0,52,4,64,3
3739,0,17,6,245,2
3740,1,56,1,83,2
3741,1,17,5,232,0
3742,2,49,1,278,2
3743,0,56,0,27,2
3744,0,30,3,257,3
3745,1,21,6,36,0
3746,0,23,4,287,3
3747,0,55,0,116,2
3748,1,48,3,234,1
3749,0,35,0,51,0
3750,1,43,5,287,0
3751,1,47,2,143,0
3752,2,25,3,132,1
3753,0,44,3,12,3
3754,1,51,6,238,0
3755,1,43,4,256,0
3756,2,46,2,201,1
3757,0,38,3,57,3
3758,0,37,7,281,1
3759,1,51,0,36,2
3760,2,27,4,192,0
3761,2,41,0,19,3
3762,0,58,0,85,1
3763,1,59,2,170,1
3764,1,56,5,115,3
3765,1,32,0,256,3
3766,1,48,7,24,2
3767,0,24,4,81,1
3768,0,40,5,191,3
3769,1,42,3,47,2
3770,0,57,2,164,1
3771,0,21,4,53,2
3772,1,30,6,175,2
3773,2,39,0,269,0
3774,0,47,4,150,2
3775,0,56,5,18,3
3776,2,43,0,96,0
3777,0,19,3,197,1
3778,2,30,1,112,1
3779,0,35,2,152,0
3780,2,48,3,183,3
3781,0,32,5,73,0
3782,1,37,5,204,3
3783,1,23,7,142,0
3784,2,43,2,68,0
3785,2,51,4,227,1
3786,0,42,6,188,2
3787,1,57,4,86,3
3788,2,46,5,61,1
3789,0,52,5,28,3
3790,0,21,6,50,1
3791,2,45,5,20,0
3792,1,21,3,176,2
3793,0,41,5,46,3
3794,1,22,6,77,2
3795,0,49,5,37,3
3796,1,37,4,256,1
3797,2,31,3,240,1
3798,2,47,4,196,3
3799,1,53,5,57,0
3800,0,57,2,214,1
3801,0,19,5,48,1
3802,1,53,4,99,1
3803,1,43,0,172,2
3804,2,59,6,166,1
3805,2,24,1,108,3
3806,0,32,7,33,2
3807,0,47,4,125,3
3808,0,35,2,142,2
3809,1,22,6,242,2
3810,1,17,7,196,2
3811,0,16,3,99,0
3812,0,41,1,128,2
3813,1,21,7,231,0
3814,0,30,6,68,1
3815,2,37,2,266,0
3816,0,19,0,197,2
3817,0,41,4,217,2
3818,1,56,5,23,0
3819,0,55,7,160,0
3820,0,43,6,163,3
3821,1,22,0,224,2
3822,0,44,1,55,1
3823,2,53,3,79,1
3824,2,37,3,115,1
3825,2,18,2,20,1
3826,1,26,4,132,1
3827,1,25,2,150,3
3828,2,55,5,91,0
3829,1,43,3,262,0
3830,1,18,5,109,2
3831,1,52,5,88,1
3832,2,25,0,22,1
3833,2,56,0,179,1
3834,1,31,6,46,1
3835,2,33,0,171,1
3836,1,53,2,165,3
3837,0,53,5,48,0
3838,2,56,5,254,2
3839,2,47,7,285,3
3840,0,24,7,110,3
3841,2,55,6,130,3
3842,1,37,3,245,1
3843,0,19,3,99,1
3844,1,32,6,77,2
3845,0,29,6,46,1
3846,1,35,5,52,1
3847,2,20,4,99,2
3848,1,42,1,188,2
3849,0,22,2,67,0
3850,1,16,6,27,0
3851,1,50,0,63,3
3852,2,20,7,112,1
3853,1,38,6,231,0
3854,0,54,0,49,0
3855,0,49,6,82,0
3856,1,43,4,144,2
3857,2,34,0,112,2
3858,0,54,6,38,3
3859,2,39,3,243,3
3860,1,48,6,217,2
3861,1,43,2,218,0
3862,2,39,4,260,3
3863,2,51,2,41,0
3864,1,59,3,165,0
3865,1,36,4,41,0
3866,0,54,1,227,1
3867,2,59,0,291,1
3868,1,35,6,76,2
3869,1,36,5,273,1
3870,2,22,4,289,1
3871,1,42,2,87,2
3872,2,51,1,259,0
3873,0,40,2,269,3
3874,2,20,0,179,1
3875,0,41,3,67,1
3876,1,36,5,100,1
3877,1,34,2,75,0
3878,1,26,7,282,1
3879,0,17,6,99,1
3880,2,22,0,160,3
3881,0,46,5,218,1
3882,0,37,7,125,2
3883,2,59,4,252,2
3884,0,47,7,166,3
3885,0,57,6,118,0
3886,1,54,6,35,0
3887,2,18,6,207,0
3888,1,59,5,19,2
3889,0,51,0,214,1
3890,0,17,0,242,3
3891,2,28,1,65,1
3892,2,40,1,231,3
3893,2,57,2,161,2
3894,0,54,7,199,2
3895,1,59,0,151,0
3896,1,23,1,239,0
3897,1,25,7,157,3
3898,0,29,7,125,0
3899,0,46,4,116,2
3900,2,35,4,43,0
3901,0,39,6,104,1
3902,2,16,4,33,3
3903,0,35,1,286,0
3904,2,59,4,11,2
3905,0,31,3,94,3
3906,1,36,5,140,2
3907,1,28,3,146,2
3908,2,40,6,137,2
3909,1,55,1,121,3
3910,0,34,7,70,0
3911,0,40,4,169,0
3912,1,48,2,161,0
3913,2,23,6,99,1
3914,0,50,0,140,3
3915,1,55,6,155,0
3916,2,36,7,121,1
3917,1,40,2,54,3
3918,0,42,7,235,2
3919,2,21,0,224,0
3920,0,16,4,177,2
3921,1,52,5,288,3
3922,2,59,1,115,2
3923,1,43,4,221,2
3924,1,53,7,73,0
3925,2,16,3,95,2
3926,2,54,5,46,2
3927,1,45,3,59,3
3928,2,50,1,264,2
3929,0,27,1,55,2
3930,1,36,4,202,2
3931,2,36,5,66,2
3932,1,26,6,224,1
3933,0,30,3,175,0
3934,0,39,1,143,2
3935,0,24,7,202,2
3936,2,31,7,203,2
3937,0,31,3,21,0
3938,2,32,5,82,3
3939,0,51,5,175,1
3940,0,50,4,234,2
3941,0,23,2,150,3
3942,2,55,2,246,2
3943,2,54,7,80,0
3944,1,24,0,67,0
3945,0,56,3,12,0
3946,1,23,2,288,2
3947,0,19,3,178,3
3948,1,22,3,221,2
3949,2,22,4,117,2
3950,1,26,2,13,2
3951,0,36,1,130,1
3952,0,49,7,83,2
3953,2,20,1,86,3
3954,0,16,0,206,0
3955,0,17,2,258,2
3956,0,54,6,120,1
3957,1,50,7,55,2
3958,1,32,6,133,1
3959,2,25,1,159,1
3960,1,34,2,109,3
3961,1,27,6,92,0
3962,2,49,2,279,0
3963,2,17,0,41,2
3964,1,27,4,245,3
3965,1,42,4,166,0
3966,1,55,7,21,2
3967,1,51,0,34,3
3968,0,24,6,273,3
3969,2,47,3,264,2
3970,2,28,7,159,2
3971,2,57,2,151,2
3972,2,16,6,277,3
3973,2,57,5,104,1
3974,0,34,5,255,2
3975,2,27,1,80,2
3976,2,49,7,120,1
3977,2,29,3,229,1
3978,0,46,1,99,3
3979,0,46,5,268,3
3980,1,42,0,86,3
3981,1,54,7,223,2
3982,2,44,4,148,1
3983,1,25,2,29,2
3984,1,54,7,229,0
3985,1,36,7,254,2
3986,2,25,0,239,1
3987,2,34,4,120,0
3988,0,33,7,41,3
3989,0,35,5,65,3
3990,1,49,5,207,2
3991,2,22,5,278,1
3992,1,27,3,22,3
3993,2,46,3,237,0
3994,2,40,7,101,3
3995,2,35,3,285,0
3996,0,37,4,283,1
3997,0,42,0,255,3
3998,2,43,3,17,1
3999,1,50,6,67,0
4000,2,31,0,48,3
4001,0,30,7,12,1
4002,0,39,0,224,3
4003,2,49,6,207,3
4004,0,58,1,133,3
4005,2,45,5,139,1
4006,1,42,1,102,1
4007,2,37,7,151,1
4008,0,27,5,187,0
4009,2,52,7,93,3
4010,1,50,7,217,3
4011,0,51,7,235,2
4012,0,51,0,128,0
4013,0,52,3,262,2
4014,2,19,2,283,0
4015,1,43,7,285,3
4016,0,30,1,83,0
4017,0,22,5,277,3
4018,2,29,7,108,2
4019,2,32,2,17,0
4020,1,28,7,208,2
4021,0,44,5,140,1
4022,0,45,5,285,0
4023,0,41,3,139,1
4024,2,58,5,17,2
4025,1,18,6,78,1
4026,1,16,3,101,2
4027,2,45,5,42,2
4028,0,22,6,52,0
4029,2,35,7,294,1
4030,2,46,2,274,1
4031,0,47,0,101,1
4032,0,17,7,225,2
4033,2,57,7,140,0
4034,1,33,1,40,2
4035,1,16,6,66,3
4036,2,28,0,48,2
4037,1,52,3,181,3
4038,2,46,4,86,3
4039,1,22,1,50,0
4040,0,38,2,46,1
4041,1,39,0,240,2
4042,2,33,1,87,2
4043,1,21,2,168,2
4044,0,45,7,111,0
4045,2,34,1,102,2
4046,1,33,7,214,3
4047,0,55,1,163,2
4048,2,27,1,160,3
4049,0,37,3,270,3
4050,2,34,7,74,0
4051,0,21,0,110,0
4052,2,30,2,260,3
4053,2,16,6,149,3
4054,1,20,2,151,0
4055,2,31,5,19,0
4056,1,18,6,235,2
4057,0,22,4,64,2
4058,1,18,7,131,0
4059,0,50,6,229,1
4060,1,25,5,101,3
4061,0,49,3,195,0
4062,1,29,7,118,0
4063,1,26,1,176,1
4064,1,53,6,31,1
4065,2,22,7,250,1
4066,2,19,4,228,2
4067,1,51,7,157,0
4068,2,42,0,82,0
4069,2,46,0,154,0
4070,1,17,1,211,3
4071,2,59,2,65,0
4072,0,24,5,221,0
4073,0,51,4,283,2
4074,0,27,1,147,3
4075,0,32,7,279,3
4076,2,30,5,134,0
4077,1,24,5,73,1
4078,0,22,4,239,3
4079,2,28,5,64,1
4080,2,17,3,113,1
4081,1,43,4,61,2
4082,1,36,2,173,1
4083,1,20,5,239,2
4084,1,43,2,108,0
4085,2,28,6,276,3
4086,0,26,1,41,1
4087,0,20,6,233,1
4088,1,38,0,247,2
4089,2,50,1,257,0
4090,2,32,0,233,1
4091,0,37,1,278,2
4092,0,35,2,184,2
4093,1,40,0,121,1
4094,1,33,6,44,0
4095,2,34,2,147,3
4096,2,38,2,165,2
4097,0,27,2,38,0
4098,2,58,2,11,3
4099,1,19,4,87,1
4100,2,19,4,63,2
4101,0,25,3,241,3
4102,0,56,4,92,3
4103,0,25,5,262,1
4104,2,51,2,253,0
4105,2,17,1,270,1
4106,2,16,7,248,1
4107,1,48,1,156,0
4108,0,59,3,225,1
4109,1,39,6,84,3
4110,2,20,1,215,2
4111,1,39,6,180,3
4112,2,24,7,88,2
4113,1,34,1,157,3
4114,1,38,7,156,2
4115,0,52,5,250,1
4116,0,21,4,143,3
4117,2,44,0,39,0
4118,2,17,7,273,2
4119,1,43,0,250,2
4120,0,30,2,159,0
4121,1,20,4,237,3
4122,2,47,0,55,3
4123,1,55,0,79,1
4124,0,34,5,272,3
4125,2,18,7,70,0
4126,1,42,2,234,1
4127,1,39,0,195,1
4128,0,20,1,28,3
4129,1,39,6,38,3
4130,1,49,0,177,0
4131,2,17,3,290,3
4132,2,30,6,243,1
4133,1,29,5,28,3
4134,0,27,6,45,0
4135,0,24,0,279,1
4136,2,35,7,164,3
4137,1,31,3,207,0
4138,1,37,1,56,3
4139,1,23,6,268,2
4140,0,50,5,67,0
4141,1,34,4,114,1
4142,1,32,4,270,1
4143,0,25,0,199,3
4144,0,32,5,182,0
4145,1,51,4,203,0
4146,1,33,6,149,3
4147,0,48,5,118,1
4148,2,24,7,182,2
4149,1,43,3,212,3
4150,0,25,4,11,2
4151,2,59,2,35,0
4152,1,19,1,241,3
4153,1,38,3,20,0
4154,0,48,5,140,1
4155,0,30,3,233,3
4156,1,52,0,187,3
4157,0,51,6,62,0
4158,0,49,7,272,1
4159,2,18,1,195,1
4160,1,42,0,210,2
4161,1,38,0,226,0
4162,2,24,2,71,0
4163,0,36,0,243,1
4164,1,16,5,131,2
4165,0,54,0,112,1
4166,0,40,5,190,3
4167,2,46,7,171,2
4168,0,31,4,20,0
4169,0,42,6,256,3
4170,0,42,7,66,1
4171,1,59,5,199,2
4172,0,24,0,92,2
4173,0,21,1,161,2
4174,0,38,2,296,1
4175,0,29,7,219,3
4176,0,20,7,45,2
4177,2,44,4,154,2
4178,2,58,5,228,1
4179,2,34,1,163,2
4180,1,36,3,113,2
4181,0,51,4,70,2
4182,0,48,2,209,1
4183,1,44,5,200,2
4184,1,55,1,111,0
4185,1,39,5,186,2
4186,2,34,7,250,0
4187,1,32,0,31,1
4188,2,30,4,195,2
4189,2,34,6,239,0
4190,2,56,0,273,3
4191,1,24,5,260,1
4192,2,54,0,168,1
4193,2,27,3,185,3
4194,1,33,4,252,3
4195,2,26,0,229,1
4196,2,47,2,225,2
4197,0,16,0,146,0
4198,2,18,7,27,2
4199,2,28,1,21,3
4200,2,59,3,251,3
4201,1,45,5,284,0
4202,1,57,7,226,0
4203,2,22,3,239,1
4204,1,28,0,229,0
4205,0,37,6,213,3
4206,1,35,5,90,0
4207,0,57,3,18,2
4208,1,17,6,48,0
4209,2,30,0,76,0
4210,0,33,2,202,2
4211,1,49,5,207,3
4212,1,25,6,115,2
4213,2,41,2,263,2
4214,2,39,4,77,1
4215,1,47,0,115,2
4216,0,59,4,286,3
4217,1,25,3,68,3
4218,1,50,4,252,2
4219,0,29,4,181,0
4220,0,39,2,150,3
4221,1,25,1,166,2
4222,1,49,6,253,0
4223,1,50,5,45,0
4224,0,36,3,72,1
4225,0,56,6,198,1
4226,0,37,6,16,1
4227,2,44,3,170,0
4228,2,42,0,68,0
4229,0,19,7,218,2
4230,0,52,3,124,3
4231,0,37,0,133,0
4232,2,26,2,137,2
4233,0,58,6,293,2
4234,0,52,0,18,0
4235,1,42,5,42,3
4236,2,56,6,125,1
4237,1,47,1,266,0
4238,0,31,1,13,3
4239,0,41,1,57,3
4240,0,47,3,23,2
4241,0,25,0,108,1
4242,1,20,5,102,1
4243,2,16,3,91,0
4244,1,34,5,74,2
4245,2,24,1,171,1
4246,0,44,2,197,1
4247,0,36,0,203,2
4248,2,30,3,106,1
4249,2,42,0,225,1
4250,1,25,0,280,2
4251,2,58,7,78,0
4252,2,53,2,176,3
4253,2,23,4,287,2
4254,2,23,7,42,0
4255,2,25,0,272,2
4256,1,46,0,10,2
4257,2,49,3,203,2
4258,0,56,1,123,3
4259,2,56,3,115,0
4260,1,50,2,227,0
4261,0,48,0,40,2
4262,2,30,1,179,3
4263,0,23,3,290,3
4264,2,50,0,57,1
4265,0,57,1,10,2
4266,2,26,4,88,1
4267,0,18,0,237,3
4268,2,28,2,268,3
4269,1,54,7,100,0
4270,0,36,1,83,2
4271,0,28,7,177,0
4272,2,40,6,146,2
4273,2,19,6,182,2
4274,0,33,1,180,2
4275,0,52,5,64,2
4276,1,23,3,115,1
4277,2,34,0,101,1
4278,1,22,5,185,3
4279,2,36,2,80,3
4280,1,52,7,260,1
4281,2,21,3,269,1
4282,0,30,5,141,1
4283,0,51,3,291,0
4284,1,18,4,111,3
4285,2,43,0,187,2
4286,1,45,0,202,1
4287,2,31,5,82,1
4288,0,20,0,286,1
4289,0,23,6,128,0
4290,2,18,1,235,1
4291,2,45,3,102,1
4292,1,22,0,149,0
4293,0,50,0,215,0
4294,2,49,5,66,2
4295,0,50,1,272,1
4296,1,43,2,194,0
4297,1,25,0,38,0
4298,0,22,2,247,1
4299,1,18,0,109,0
4300,0,52,1,145,2
4301,1,26,1,148,2
4302,2,26,6,244,2
4303,2,41,1,192,0
4304,1,33,7,236,0
4305,2,19,0,46,1
4306,1,22,2,282,1
4307,1,49,2,286,0
4308,1,46,4,49,0
4309,0,59,3,25,2
4310,2,22,4,40,3
4311,1,18,7,131,3
4312,1,30,7,103,1
4313,0,38,7,180,3
4314,0,28,0,45,3
4315,0,26,5,13,2
4316,1,30,6,154,0
4317,1,24,5,52,2
4318,2,28,3,292,0
4319,1,18,2,182,0
4320,1,21,3,24,0
4321,0,27,7,167,0
4322,1,55,5,139,0
4323,1,35,4,53,0
4324,1,38,3,253,2
4325,1,24,3,25,2
4326,2,33,0,31,3
4327,1,31,3,150,0
4328,2,57,0,123,2
4329,1,45,2,248,2
4330,2,53,3,167,1
4331,2,45,2,219,1
4332,1,33,0,160,1
4333,2,16,4,60,3
4334,0,36,5,211,0
4335,2,28,6,63,3
4336,0,28,7,114,2
4337,1,49,5,274,3
4338,2,59,5,97,3
4339,1,53,7,244,2
4340,2,34,2,286,2
4341,0,20,7,133,1
4342,1,35,2,199,2
4343,0,16,6,117,2
4344,0,42,0,233,3
4345,1,39,3,132,1
4346,1,31,5,79,2
4347,2,32,2,115,3
4348,1,16,1,214,2
4349,1,51,1,165,1
4350,2,59,7,85,0
4351,2,45,5,90,1
4352,1,44,4,208,2
4353,2,50,5,94,2
4354,0,25,5,251,1
4355,2,31,0,268,0
4356,0,55,5,133,1
4357,0,43,6,124,0
4358,0,51,4,17,1
4359,2,33,0,167,0
4360,0,47,6,98,3
4361,1,45,5,93,1
4362,0,58,1,159,3
4363,0,32,7,147,2
4364,0,22,5,151,3
4365,0,47,1,105,1
4366,2,40,7,296,3
4367,1,40,1,131,3
4368,2,34,5,47,0
4369,0,57,5,129,2
4370,2,30,0,217,0
4371,2,54,3,280,2
4372,2,36,0,108,0
4373,0,19,3,262,0
4374,0,57,0,287,3
4375,2,18,7,118,3
4376,0,25,1,93,0
4377,1,50,0,139,2
4378,1,16,3,259,1
4379,0,18,0,98,0
4380,0,45,0,61,0
4381,2,45,3,81,2
4382,1,46,5,204,1
4383,0,49,7,158,1
4384,0,21,3,174,1
4385,1,46,2,72,3
4386,1,32,3,22,3
4387,2,38,2,118,0
4388,1,21,3,292,1
4389,2,27,2,261,1
4390,0,35,0,15,3
4391,2,48,0,92,1
4392,0,52,2,50,0
4393,0,58,4,144,2
4394,0,32,5,137,1
4395,1,28,5,195,0
4396,1,41,4,61,1
4397,0,53,0,297,0
4398,1,47,3,73,3
4399,0,34,7,117,2
4400,1,45,1,243,1
4401,0,19,6,150,2
4402,1,47,2,157,2
4403,1,45,1,201,1
4404,2,24,5,211,2
4405,2,45,3,290,1
4406,1,30,7,150,3
4407,0,57,1,97,0
4408,2,50,5,60,3
4409,0,52,1,20,0
4410,0,24,0,249,2
4411,0,59,5,48,3
4412,2,23,7,180,3
4413,2,36,1,194,0
4414,0,27,4,250,1
4415,0,21,2,195,1
4416,1,33,4,262,2
4417,0,28,4,249,0
4418,2,43,7,177,0
4419,2,49,7,101,3
4420,0,23,0,84,3
4421,0,49,5,255,0
4422,0,23,1,234,1
4423,2,46,2,149,3
4424,1,53,4,289,1
4425,1,17,5,266,3
4426,2,35,5,214,0
4427,1,48,4,176,0
4428,0,22,6,36,2
4429,1,22,4,291,1
4430,2,30,0,176,2
4431,0,17,4,108,3
4432,1,58,2,232,0
4433,0,58,2,13,3
4434,2,26,7,279,0
4435,2,39,4,45,0
4436,1,52,1,153,1
4437,1,34,4,203,1
4438,2,31,7,258,0
4439,1,21,6,279,2
4440,2,57,7,106,1
4441,1,33,2,101,2
4442,0,31,7,23,2
4443,1,17,0,85,3
4444,0,19,1,150,1
4445,2,56,5,12,0
4446,0,52,1,38,0
4447,2,48,2,44,3
4448,2,58,0,75,0
4449,2,22,5,161,0
4450,1,22,7,66,3
4451,1,16,0,60,1
4452,0,55,5,179,1
4453,0,42,5,224,3
4454,1,54,6,225,2
4455,2,52,4,74,0
4456,0,39,5,226,2
4457,0,55,1,285,1
4458,1,26,2,275,0
4459,1,52,7,247,0
4460,2,34,2,153,3
4461,2,16,4,296,1
4462,0,31,6,129,3
4463,2,47,7,283,1
4464,2,30,0,79,0
4465,0,50,4,282,0
4466,0,30,4,159,1
4467,1,20,0,147,3
4468,1,29,5,92,1
4469,1,26,3,86,1
4470,2,45,0,209,1
4471,1,21,0,157,2
4472,2,17,7,224,3
4473,1,34,1,278,3
4474,2,41,6,183,3
4475,2,47,3,135,1
4476,2,21,7,36,3
4477,0,44,1,209,1
4478,2,32,2,159,0
4479,1,30,4,204,1
4480,1,19,2,235,3
4481,0,33,6,115,2
4482,2,43,1,201,1
4483,1,52,6,46,2
4484,1,21,3,83,0
4485,1,55,0,98,3
4486,1,59,2,251,2
4487,1,19,1,241,2
4488,0,36,6,276,1
4489,0,33,4,41,2
4490,2,57,2,57,3
4491,1,51,2,296,0
4492,1,51,5,223,3
4493,1,55,4,273,2
4494,1,30,0,150,1
4495,1,41,5,20,1
4496,1,54,4,51,3
4497,0,49,4,25,2
4498,1,27,2,297,1
4499,0,55,2,235,3
4500,1,56,0,117,0
4501,0,45,7,77,0
4502,0,46,5,296,1
4503,2,31,4,65,2
4504,0,33,5,133,2
4505,1,20,5,107,2
4506,0,26,7,75,0
4507,0,46,5,225,1
4508,2,31,6,147,3
4509,1,36,0,34,1
4510,1,24,1,267,2
4511,2,51,6,97,1
4512,2,29,4,254,1
4513,2,33,7,253,3
4514,0,46,4,182,2
4515,2,23,4,27,1
4516,2,19,0,51,0
4517,1,33,7,149,2
4518,2,24,3,271,1
4519,1,16,5,289,2
4520,2,28,1,293,3
4521,0,58,7,257,1
4522,2,52,4,63,1
4523,2,58,2,22,1
4524,1,57,5,230,1
4525,2,18,5,155,2
4526,1,42,0,193,0
4527,0,32,1,65,0
4528,1,40,3,29,0
4529,1,53,4,265,0
4530,1,25,4,43,2
4531,0,23,6,98,3
4532,1,40,1,86,1
4533,2,25,5,34,3
4534,2,49,0,113,3
4535,0,28,2,255,1
4536,2,59,1,38,0
4537,2,51,7,209,2
4538,0,40,0,35,1
4539,2,19,6,65,0
4540,1,33,2,219,1
4541,0,21,3,103,2
4542,0,17,6,204,1
4543,0,38,3,42,1
4544,1,35,4,194,0
4545,0,30,1,32,0
4546,2,37,2,22,2
4547,2,42,2,74,0
4548,1,26,6,233,1
4549,2,24,1,88,1
4550,1,45,0,52,2
4551,0,23,3,232,3
4552,2,56,4,221,3
4553,2,39,6,239,2
4554,2,49,2,105,0
4555,2,20,4,186,0
4556,0,24,1,205,2
4557,2,56,3,249,2
4558,0,23,6,242,0
4559,0,54,3,108,0
4560,1,19,2,179,3
4561,0,32,5,106,2
4562,2,31,3,11,3
4563,1,32,3,116,0
4564,2,29,6,42,2
4565,1,36,6,192,1
4566,0,30,6,96,0
4567,2,51,2,279,2
4568,2,23,7,105,0
4569,2,55,5,204,0
4570,1,48,5,174,0
4571,2,19,0,125,2
4572,2,44,3,241,1
4573,1,59,2,195,0
4574,0,39,1,68,1
4575,1,59,3,187,2
4576,2,45,0,61,0
4577,1,39,1,112,3
4578,2,31,7,103,2
4579,0,51,5,126,3
4580,1,18,6,276,2
4581,0,58,2,225,2
4582,0,35,6,227,1
4583,2,45,7,181,1
4584,2,44,4,255,3
4585,0,20,7,112,2
4586,0,48,0,29,1
4587,0,50,3,129,2
4588,2,48,7,107,1
4589,0,46,0,281,2
4590,2,23,2,28,0
4591,1,40,2,132,3
4592,1,27,7,274,2
4593,2,36,3,205,0
4594,1,56,6,190,3
4595,1,43,5,163,0
4596,2,18,2,143,3
4597,1,23,6,20,1
4598,1,55,3,234,2
4599,0,44,2,59,0
4600,1,42,0,172,0
4601,0,17,3,206,3
4602,2,36,4,226,2
4603,0,44,3,41,0
4604,1,20,0,215,3
4605,2,55,6,108,3
4606,2,28,5,108,1
4607,0,35,3,283,2
4608,1,30,7,36,0
4609,0,59,5,276,3
4610,1,47,3,73,2
4611,2,46,3,10,1
4612,1,37,5,110,0
4613,0,52,7,177,0
4614,2,23,2,155,1
4615,0,54,6,33,1
4616,0,49,1,121,1
4617,1,53,4,205,0
4618,0,29,3,114,1
4619,2,33,0,50,0
4620,1,58,6,145,2
4621,0,47,0,137,3
4622,1,22,5,265,0
4623,2,36,1,106,1
4624,2,40,2,176,2
4625,2,28,2,32,0
4626,0,35,0,161,3
4627,1,51,7,85,2
4628,0,43,0,216,2
4629,1,21,7,40,3
4630,2,53,4,270,3
4631,1,57,0,237,3
4632,1,27,1,61,1
4633,0,34,1,189,3
4634,1,47,4,287,1
4635,1,38,7,107,3
4636,1,21,4,121,1
4637,1,17,1,264,2
4638,1,52,6,253,1
4639,0,31,0,159,1
4640,2,28,0,26,1
4641,0,21,6,40,0
4642,0,52,5,64,0
4643,2,22,4,241,3
4644,0,50,7,289,2
4645,2,23,4,292,0
4646,2,36,6,226,2
4647,2,46,4,238,1
4648,0,51,5,128,3
4649,1,50,3,184,1
4650,0,33,0,66,3
4651,2,28,4,53,3
4652,1,44,2,180,3
4653,0,37,3,110,2
4654,2,31,6,212,0
4655,2,49,6,78,1
4656,2,16,7,278,1
4657,2,31,3,170,1
4658,1,44,1,210,3
4659,1,48,6,99,3
4660,2,53,2,65,2
4661,2,48,7,138,3
4662,0,47,4,47,2
4663,1,18,3,152,0
4664,0,48,1,96,0
4665,0,22,4,261,0
4666,1,35,6,156,3
4667,1,42,4,268,1
4668,0,31,3,246,2
4669,0,32,0,243,3
4670,1,37,2,218,1
4671,1,24,0,68,0
4672,2,19,2,16,0
4673,2,38,2,89,3
4674,2,44,3,11,1
4675,2,48,0,169,0
4676,0,56,7,225,1
4677,2,30,1,21,3
4678,1,17,2,164,3
4679,0,28,3,240,1
4680,2,32,7,58,0
4681,2,24,4,243,0
4682,2,26,6,133,3
4683,0,22,0,201,0
4684,2,27,2,291,2
4685,0,50,6,291,2
4686,1,37,2,96,3
4687,1,49,3,34,0
4688,1,48,7,33,3
4689,0,45,0,166,3
4690,2,58,3,297,0
4691,2,35,7,204,2
4692,1,36,3,182,2
4693,0,33,4,102,0
4694,1,28,0,119,2
4695,1,32,4,274,0
4696,1,34,4,177,0
4697,2,20,3,163,0
4698,2,58,6,103,2
4699,2,30,4,136,3
4700,0,33,7,266,2
4701,2,34,0,29,0
4702,1,20,4,266,1
4703,0,39,5,172,1
4704,1,28,5,33,0
4705,2,32,3,110,1
4706,1,48,1,69,2
4707,1,49,2,191,1
4708,1,59,0,229,2
4709,2,21,0,286,2
4710,0,18,2,158,0
4711,1,55,3,136,3
4712,2,48,7,102,3
4713,1,17,7,227,3
4714,0,36,6,40,2
4715,0,27,6,138,1
4716,2,48,3,251,3
4717,0,20,4,174,2
4718,2,49,4,23,1
4719,0,22,3,280,3
4720,2,54,3,242,2
4721,0,55,4,28,2
4722,1,25,2,173,0
4723,0,36,0,108,0
4724,0,32,6,161,1
4725,2,33,0,204,3
4726,2,58,7,208,0
4727,1,32,2,157,3
4728,1,41,3,273,3
4729,0,39,3,251,1
4730,0,29,7,215,2
4731,0,42,3,206,2
4732,1,56,3,162,3
4733,0,29,2,254,1
4734,2,48,3,171,1
4735,2,24,6,131,2
4736,2,44,0,250,3
4737,1,21,3,37,1
4738,1,44,2,263,2
4739,0,25,7,123,0
4740,1,56,7,294,2
4741,2,46,5,150,3
4742,1,47,3,248,0
4743,0,18,7,221,2
4744,0,21,2,167,1
4745,1,56,3,242,1
4746,0,56,1,295,3
4747,1,21,3,282,2
4748,0,48,0,31,1
4749,0,59,5,71,3
4750,0,37,0,10,3
4751,0,44,5,269,2
4752,2,20,7,105,2
4753,2,50,2,98,3
4754,0,22,6,97,1
4755,1,47,1,52,1
4756,0,37,5,242,1
4757,0,48,2,44,1
4758,1,22,0,180,1
4759,0,58,1,255,1
4760,1,32,4,65,0
4761,1,21,3,131,3
4762,2,28,0,98,0
4763,1,46,4,116,1
4764,2,43,0,256,3
4765,1,22,1,169,0
4766,0,58,4,99,3
4767,2,16,2,110,0
4768,0,55,0,178,3
4769,2,47,2,104,1
4770,2,31,3,79,3
4771,0,58,5,70,0
4772,0,44,2,199,0
4773,0,37,5,262,3
4774,1,23,2,294,3
4775,0,50,1,74,1
4776,2,47,4,45,0
4777,1,50,0,131,2
4778,0,43,5,165,2
4779,2,46,4,27,0
4780,1,36,3,199,2
4781,1,41,5,107,3
4782,0,39,1,49,3
4783,1,50,5,265,2
4784,0,22,7,106,3
4785,2,49,7,103,3
4786,2,59,4,224,1
4787,0,57,2,243,0
4788,1,34,0,17,1
4789,2,51,6,173,2
4790,2,46,3,97,2
4791,1,22,3,162,1
4792,2,52,2,147,1
4793,0,50,7,27,3
4794,1,27,7,88,1
4795,1,38,1,294,3
4796,1,59,0,235,0
4797,2,45,0,296,3
4798,2,31,6,249,2
4799,1,22,5,197,0
4800,2,24,5,221,2
4801,0,44,3,46,1
4802,0,59,7,18,3
4803,2,34,3,105,2
4804,1,28,7,256,3
4805,2,40,6,253,1
4806,0,33,1,27,1
4807,2,27,3,224,3
4808,2,56,2,24,3
4809,1,26,7,102,1
4810,0,54,3,231,2
4811,0,32,0,275,0
4812,0,26,5,70,1
4813,1,45,0,247,1
4814,0,58,1,290,1
4815,1,32,5,50,0
4816,1,40,3,50,0
4817,2,44,2,254,3
4818,1,17,6,166,3
4819,2,29,1,262,1
4820,0,47,3,208,2
4821,0,24,6,36,0
4822,1,59,0,207,3
4823,2,21,1,281,1
4824,0,17,3,50,3
4825,1,42,6,80,3
4826,0,24,4,17,2
4827,1,28,5,267,0
4828,0,26,3,126,0
4829,1,50,4,53,1
4830,1,21,7,113,1
4831,2,51,5,165,3
4832,1,30,0,43,2
4833,2,48,7,243,0
4834,0,19,6,192,2
4835,2,53,0,151,3
4836,1,30,6,23,0
4837,0,16,3,188,0
4838,1,39,3,125,2
4839,2,51,0,264,2
4840,1,33,1,253,1
4841,1,34,3,48,3
4842,1,41,1,17,0
4843,2,57,7,76,3
4844,1,24,0,239,1
4845,1,24,4,98,2
4846,2,26,0,229,1
4847,2,17,2,296,0
4848,0,26,1,235,0
4849,1,45,4,49,2
4850,0,49,4,221,3
4851,1,48,2,103,0
4852,1,18,2,72,2
4853,2,23,4,256,1
4854,0,45,4,18,0
4855,2,58,4,204,3
4856,1,28,1,22,2
4857,1,48,6,68,0
4858,1,18,7,23,3
4859,1,47,6,75,1
4860,0,48,5,131,0
4861,1,22,7,42,3
4862,1,38,0,96,2
4863,1,24,7,114,1
4864,0,26,5,12,3
4865,2,40,7,295,2
4866,1,53,6,79,0
4867,1,21,6,41,1
4868,1,39,7,273,0
4869,0,52,5,241,0
4870,2,40,6,242,0
4871,2,52,5,149,1
4872,2,17,1,232,0
4873,2,19,1,286,0
4874,0,16,1,12,0
4875,2,46,7,231,0
4876,0,29,7,49,1
4877,0,26,0,237,2
4878,1,27,4,284,3
4879,2,57,1,109,2
4880,0,20,0,156,2
4881,1,36,2,123,3
4882,2,32,4,87,2
4883,1,47,5,59,0
4884,1,25,6,170,3
4885,0,36,7,190,0
4886,1,22,2,170,1
4887,2,58,5,71,3
4888,1,50,4,213,2
4889,0,20,0,115,2
4890,1,20,6,99,2
4891,1,53,1,14,2
4892,0,22,7,211,3
4893,2,58,3,17,2
4894,1,28,7,122,0
4895,0,37,5,263,3
4896,1,57,5,162,3
4897,1,29,5,81,1
4898,0,32,2,223,1
4899,1,37,3,209,0
4900,2,17,4,90,0
4901,2,35,6,162,3
4902,0,52,4,117,0
4903,1,50,7,191,2
4904,1,23,3,215,0
4905,0,50,3,239,1
4906,1,51,0,37,1
4907,0,59,7,179,0
4908,2,39,2,215,3
4909,0,39,7,255,3
4910,1,37,3,94,2
4911,2,42,0,280,2
4912,2,57,3,186,1
4913,1,16,2,66,2
4914,0,52,1,232,0
4915,2,41,1,246,1
4916,1,19,4,67,1
4917,1,58,0,269,2
4918,1,21,6,235,1
4919,2,45,1,99,0
4920,1,42,4,281,0
4921,0,20,5,95,1
4922,0,33,7,105,2
4923,2,42,0,241,0
4924,1,49,0,265,3
4925,1,40,7,30,1
4926,0,44,1,77,3
4927,2,28,0,115,3
4928,2,48,4,205,2
4929,0,35,6,199,0
4930,2,54,2,200,0
4931,1,38,4,210,2
4932,0,47,7,139,1
4933,1,59,5,248,0
4934,2,55,3,41,1
4935,2,49,3,201,3
4936,0,35,7,47,1
4937,1,53,2,39,1
4938,2,32,2,172,1
4939,0,50,2,233,3
4940,2,41,5,284,0
4941,0,24,6,205,2
4942,2,46,4,260,0
4943,2,42,3,14,2
4944,1,23,3,190,0
4945,1,42,0,189,3
4946,1,36,4,193,0
4947,2,31,7,145,1
4948,0,41,3,92,1
4949,0,44,6,248,0
4950,1,50,1,238,0
4951,2,54,5,74,0
4952,1,38,0,264,3
4953,0,57,6,288,2
4954,0,57,0,83,0
4955,1,22,6,65,3
4956,2,18,0,194,1
4957,1,19,4,83,0
4958,0,20,5,153,2
4959,2,38,6,67,2
4960,0,54,7,142,1
4961,1,23,1,248,0
4962,0,49,7,139,0
4963,2,56,5,29,2
4964,1,39,7,144,2
4965,1,57,2,172,0
4966,1,54,4,65,3
4967,2,40,0,31,2
4968,1,22,0,293,2
4969,0,30,7,77,2
4970,2,23,6,43,1
4971,0,58,7,147,3
4972,0,47,0,250,3
4973,2,44,4,105,0
4974,1,56,7,231,3
4975,0,56,4,285,2
4976,1,21,2,108,3
4977,0,17,7,150,0
4978,0,54,7,105,3
4979,0,50,7,263,0
4980,1,17,6,78,1
4981,1,20,5,200,2
4982,1,44,3,218,3
4983,0,27,3,22,3
4984,2,44,1,67,0
4985,2,40,0,12,0
4986,1,41,0,37,2
4987,1,23,6,297,0
4988,1,37,3,231,1
4989,2,40,4,178,3
4990,1,57,7,280,0
4991,2,36,6,254,3
4992,1,25,5,54,1
4993,2,57,0,276,1
4994,0,23,2,230,2
4995,2,43,4,252,1
4996,0,40,4,136,2
4997,0,16,0,163,0
4998,0,21,1,138,2
4999,0,24,6,179,3
5000,2,19,4,230,2
5001,2,31,5,18,0
5002,1,17,5,110,3
5003,1,59,2,44,2
5004,1,24,3,66,3
5005,0,34,2,56,0
5006,1,21,2,74,2
5007,0,32,0,72,3
5008,0,32,5,210,0
5009,0,58,6,95,0
5010,0,21,2,46,3
5011,1,43,2,118,1
5012,0,41,6,218,3
5013,0,17,2,269,2
5014,2,37,3,276,2
5015,1,20,3,105,1
5016,1,38,6,160,3
5017,0,23,7,13,1
5018,2,20,0,90,2
5019,2,43,5,150,0
5020,0,47,2,117,2
5021,1,38,1,55,1
5022,1,49,4,105,3
5023,1,45,3,229,2
5024,1,19,0,267,1
5025,1,19,2,59,2
5026,2,33,4,90,1
5027,1,22,7,269,2
5028,1,24,7,133,1
5029,2,21,4,89,2
5030,2,51,1,253,2
5031,0,18,3,14,1
5032,1,43,0,297,1
5033,2,16,7,263,1
5034,0,22,2,22,1
5035,2,38,2,256,2
5036,1,37,7,144,2
5037,0,37,0,89,3
5038,1,34,3,94,3
5039,2,21,7,205,1
5040,1,55,2,14,0
5041,2,42,3,220,3
5042,2,57,6,80,3
5043,1,21,7,55,3
5044,0,19,3,47,2
5045,1,52,4,126,2
5046,1,22,0,70,3
5047,2,20,2,132,0
5048,2,49,0,53,3
5049,1,33,7,162,3
5050,1,44,7,274,0
5051,0,36,4,290,3
5052,0,37,1,100,1
5053,0,58,0,38,2
5054,1,39,3,204,0
5055,1,23,2,96,0
5056,0,17,2,125,1
5057,0,24,5,50,3
5058,2,18,5,188,1
5059,0,38,0,32,2
5060,1,44,5,40,0
5061,1,23,4,169,0
5062,2,37,4,291,1
5063,0,17,2,203,1
5064,2,22,1,185,3
5065,0,23,7,101,0
5066,1,20,5,250,0
5067,2,20,2,224,1
5068,0,59,6,34,0
5069,2,42,6,77,2
5070,2,21,1,81,3
5071,2,47,6,216,1
5072,2,30,6,154,0
5073,1,40,2,137,2
5074,1,24,0,160,3
5075,2,20,5,13,1
5076,2,55,4,180,3
5077,2,30,5,285,2
5078,1,22,1,192,2
5079,2,34,1,113,0
5080,1,39,0,158,2
5081,0,36,0,231,1
5082,0,40,0,99,2
5083,0,57,2,117,3
5084,0,54,7,73,1
5085,2,21,6,21,1
5086,2,40,5,154,3
5087,0,47,0,136,2
5088,2,33,4,107,0
5089,0,37,1,87,3
5090,0,33,6,186,2
5091,0,16,0,51,2
5092,2,53,4,285,3
5093,1,23,3,207,2
5094,0,46,7,252,1
5095,2,16,4,40,3
5096,2,51,5,41,1
5097,2,39,2,159,2
5098,0,39,2,29,2
5099,0,26,5,234,0
5100,0,17,6,283,2
5101,0,19,3,261,3
5102,1,59,1,100,2
5103,2,54,4,12,2
5104,0,25,7,215,2
5105,1,49,1,163,3
5106,0,56,2,31,0
5107,0,31,6,230,2
5108,0,59,4,136,1
5109,2,41,1,173,3
5110,0,44,2,149,3
5111,0,40,7,212,3
5112,0,19,1,276,0
5113,1,50,3,47,1
5114,1,30,0,200,3
5115,0,54,1,238,3
5116,0,34,4,75,2
5117,2,35,1,60,3
5118,1,56,1,140,2
5119,1,31,0,222,2
5120,0,22,0,215,1
5121,0,49,4,214,2
5122,2,51,6,16,0
5123,2,24,6,224,0
5124,1,44,1,89,0
5125,1,18,0,156,0
5126,1,57,5,149,2
5127,2,38,7,20,3
5128,2,16,3,255,0
5129,0,40,3,152,1
5130,1,39,1,224,3
5131,0,32,5,214,3
5132,2,51,3,295,1
5133,1,59,3,149,0
5134,1,52,7,167,2
5135,0,59,1,182,2
5136,1,16,0,157,1
5137,0,22,4,15,2
5138,1,41,7,199,2
5139,0,49,4,201,1
5140,0,24,7,183,1
5141,2,38,4,240,0
5142,1,40,6,114,2
5143,0,16,6,150,1
5144,1,28,7,61,1
5145,1,51,6,51,2
5146,2,48,4,239,0
5147,1,54,4,113,0
5148,2,26,4,237,2
5149,2,44,7,194,3
5150,1,46,4,212,3
5151,0,27,7,62,2
5152,1,25,2,270,0
5153,1,30,1,71,3
5154,0,18,0,209,2
5155,0,31,7,120,2
5156,1,30,1,277,3
5157,0,35,0,248,1
5158,2,42,2,163,2
5159,1,44,5,117,0
5160,2,42,2,235,1
5161,1,27,0,255,1
5162,0,39,7,191,0
5163,2,32,3,113,2
5164,2,57,6,86,0
5165,0,54,2,97,0
5166,1,19,3,254,1
5167,1,32,0,290,0
5168,0,58,4,241,2
5169,0,38,4,182,1
5170,0,37,4,172,0
5171,2,18,5,73,1
5172,1,32,6,152,1
5173,1,35,1,37,1
5174,0,47,5,292,2
5175,1,45,4,62,1
5176,1,31,5,263,1
5177,0,20,5,58,0
5178,2,52,3,113,3
5179,2,50,0,40,2
5180,2,20,3,216,2
5181,2,36,1,35,2
5182,1,17,2,289,1
5183,2,28,4,255,1
5184,2,29,3,277,3
5185,0,43,3,161,0
5186,1,48,0,113,2
5187,2,40,2,277,1
5188,2,51,3,190,3
5189,0,19,2,256,1
5190,1,57,0,294,2
5191,0,26,7,97,0
5192,2,49,5,39,0
5193,0,56,4,264,0
5194,1,33,2,285,2
5195,1,44,7,78,2
5196,1,54,5,144,1
5197,1,19,7,239,0
5198,2,24,2,122,0
5199,1,43,3,142,1
5200,1,24,3,133,2
5201,1,17,1,259,1
5202,0,41,0,161,0
5203,0,43,7,218,2
5204,2,51,5,51,3
5205,0,48,6,282,1
5206,0,57,6,277,2
5207,0,30,4,242,2
5208,1,27,2,11,1
5209,1,51,0,90,0
5210,1,39,3,152,2
5211,2,29,5,235,2
5212,0,29,0,256,3
5213,0,19,2,232,2
5214,2,33,7,237,3
5215,2,21,1,207,1
5216,1,21,6,101,1
5217,2,57,5,291,3
5218,0,18,0,135,0
5219,1,56,6,238,0
5220,0,37,6,53,0
5221,0,31,5,105,2
5222,1,26,1,211,0
5223,0,48,7,137,0
5224,2,34,0,16,2
5225,1,57,7,120,1
5226,0,16,6,260,3
5227,2,25,5,100,0
5228,0,23,1,249,2
5229,2,20,6,111,0
5230,1,27,1,196,3
5231,0,28,4,164,2
5232,0,22,3,230,3
5233,1,49,7,128,1
5234,2,50,3,59,3
5235,2,59,4,87,0
5236,1,46,7,229,3
5237,2,46,0,220,0
5238,1,59,1,208,3
5239,1,46,7,108,3
5240,1,25,1,13,1
5241,0,58,5,118,1
5242,1,29,7,169,3
5243,1,32,3,267,0
5244,0,46,5,28,1
5245,0,30,3,244,2
5246,1,21,1,284,2
5247,0,18,0,226,1
5248,0,28,3,243,3
5249,1,31,7,253,3
5250,2,55,1,265,3
5251,1,16,5,165,3
5252,0,36,5,205,3
5253,2,55,1,97,1
5254,0,35,4,25,2
5255,0,32,4,38,3
5256,2,54,6,152,1
5257,0,31,7,100,2
5258,0,43,7,225,2
5259,2,17,1,13,3
5260,1,45,3,27,1
5261,2,59,5,246,3
5262,0,30,0,27,1
5263,2,16,4,56,1
5264,1,38,6,273,2
5265,1,30,7,185,2
5266,0,52,0,132,2
5267,2,30,2,108,1
5268,1,37,5,214,0
5269,1,19,2,159,0
5270,2,57,1,91,2
5271,0,49,6,56,2
5272,2,50,6,125,1
5273,1,36,5,148,2
5274,0,32,1,99,0
5275,1,20,4,248,2
5276,0,54,4,169,3
5277,0,32,3,126,3
5278,1,32,1,189,0
5279,2,31,6,81,3
5280,0,31,2,75,1
5281,0,42,2,98,1
5282,1,53,1,24,2
5283,2,19,7,75,2
5284,0,51,6,140,1
5285,1,18,0,210,3
5286,0,51,7,54,2
5287,0,27,4,26,1
5288,1,29,0,203,2
5289,0,16,7,268,1
5290,2,52,3,36,1
5291,0,47,2,268,3
5292,0,21,0,24,0
5293,2,25,5,54,0
5294,1,20,4,190,2
5295,1,59,4,285,2
5296,2,54,1,271,2
5297,2,34,7,58,2
5298,0,46,1,68,0
5299,0,50,7,245,1
5300,0,19,6,257,3
5301,1,37,3,53,2
5302,2,53,0,13,2
5303,0,53,2,58,0
5304,0,54,2,174,0
5305,1,33,1,29,1
5306,2,49,4,280,3
5307,0,39,0,277,3
5308,2,32,0,296,2
5309,2,37,6,171,1
5310,1,28,6,270,2
5311,2,36,2,29,0
5312,2,42,7,65,1
5313,0,22,1,232,1
5314,0,21,7,90,3
5315,0,54,5,182,2
5316,2,58,6,47,0
5317,0,25,3,107,1
5318,1,37,5,12,1
5319,0,33,0,204,0
5320,2,57,7,292,2
5321,0,44,2,213,0
5322,1,37,6,286,3
5323,0,46,5,116,0
5324,1,57,5,266,1
5325,0,42,2,74,1
5326,1,25,7,171,1
5327,2,36,0,164,1
5328,0,56,0,216,0
5329,1,25,1,26,1
5330,0,42,1,129,2
5331,1,36,1,94,0
5332,1,59,2,117,0
5333,0,46,6,298,1
5334,0,33,1,151,0
5335,0,53,7,111,2
5336,1,58,1,135,2
5337,0,48,2,179,1
5338,2,44,7,142,2
5339,0,39,3,61,2
5340,1,57,7,123,0
5341,1,28,1,89,2
5342,0,33,0,56,2
5343,2,17,7,181,3
5344,1,49,4,170,1
5345,1,48,0,249,2
5346,0,27,0,246,0
5347,2,38,1,226,2
5348,2,54,1,274,3
5349,1,44,6,293,2
5350,0,30,5,150,0
5351,0,52,5,44,3
5352,1,53,6,27,3
5353,1,17,1,233,1
5354,0,20,2,166,1
5355,0,27,4,63,2
5356,1,28,6,208,2
5357,0,35,3,276,0
5358,1,41,5,200,3
5359,0,51,3,143,2
5360,0,19,7,206,3
5361,0,18,2,19,3
5362,0,51,6,230,1
5363,1,49,0,130,2
5364,2,46,5,239,1
5365,1,31,1,104,2
5366,1,49,1,76,0
5367,2,47,3,191,3
5368,0,21,0,208,2
5369,2,20,4,111,3
5370,2,35,5,287,1
5371,2,37,7,38,0
5372,1,45,1,160,3
5373,2,49,7,150,0
5374,0,50,6,286,3
5375,1,39,6,216,2
5376,0,20,5,80,2
5377,1,50,2,38,2
5378,0,39,7,184,1
5379,1,35,5,70,0
5380,0,40,6,267,0
5381,2,19,7,256,0
5382,0,52,4,166,3
5383,1,29,3,49,2
5384,0,22,6,166,3
5385,2,45,6,131,1
5386,2,55,4,190,1
5387,0,30,2,211,0
5388,1,55,0,248,1
5389,2,54,4,206,2
5390,2,42,0,293,3
5391,0,42,2,15,3
5392,2,50,3,115,2
5393,1,48,0,189,0
5394,1,56,6,117,3
5395,1,32,2,72,1
5396,0,43,6,180,2
5397,0,57,6,294,0
5398,0,23,5,177,3
5399,1,49,1,85,2
5400,1,44,3,269,3
5401,0,16,5,27,3
5402,0,27,4,38,3
5403,0,37,0,216,1
5404,2,46,4,202,0
5405,2,45,1,103,3
5406,1,19,4,85,3
5407,0,19,5,283,2
5408,2,44,4,203,3
5409,2,27,7,77,2
5410,2,37,0,100,1
5411,1,16,0,113,0
5412,2,48,2,175,2
5413,0,44,0,90,2
5414,1,56,2,47,0
5415,0,44,2,94,1
5416,1,22,0,11,0
5417,1,18,5,299,1
5418,1,57,4,191,1
5419,1,48,4,250,0
5420,1,33,1,298,2
5421,0,29,6,286,3
5422,0,42,5,58,2
5423,0,16,3,172,1
5424,1,26,7,14,1
5425,1,16,5,93,1
5426,1,57,2,175,3
5427,2,57,3,272,1
5428,1,33,1,242,2
5429,1,23,0,40,1
5430,1,37,4,273,1
5431,2,46,6,280,2
5432,0,16,2,30,1
5433,0,28,2,215,3
5434,1,25,6,231,1
5435,2,21,1,26,3
5436,1,22,3,55,1
5437,2,33,3,171,3
5438,1,41,6,90,3
5439,0,20,5,39,0
5440,0,17,3,256,1
5441,2,50,0,33,1
5442,2,37,2,281,2
5443,2,49,7,57,1
5444,2,16,0,41,2
5445,1,48,4,58,1
5446,2,50,1,132,0
5447,2,18,3,169,3
5448,0,53,6,258,3
5449,2,17,1,197,3
5450,1,52,3,173,0
5451,0,48,6,63,3
5452,2,53,7,44,2
5453,1,37,6,257,2
5454,2,55,4,79,1
5455,0,44,7,189,0
5456,2,42,4,166,1
5457,0,21,2,142,2
5458,0,50,3,200,2
5459,1,28,7,39,2
5460,1,33,6,51,1
5461,1,44,3,278,2
5462,2,41,5,166,2
5463,2,21,3,282,2
5464,2,28,3,179,1
5465,0,56,4,208,2
5466,2,40,7,63,3
5467,2,24,0,163,2
5468,2,22,0,111,1
5469,0,26,6,60,1
5470,1,18,6,183,3
5471,1,54,0,175,3
5472,2,27,5,197,2
5473,2,46,6,283,3
5474,1,21,5,58,2
5475,1,31,0,190,2
5476,2,31,6,64,2
5477,1,53,2,29,3
5478,1,33,7,241,3
5479,1,52,4,40,3
5480,0,18,2,154,0
5481,1,33,0,105,2
5482,1,55,0,197,1
5483,0,48,1,123,3
5484,0,19,0,169,3
5485,1,58,3,298,3
5486,1,32,5,96,3
5487,1,53,7,292,3
5488,1,51,4,159,1
5489,2,52,7,29,1
5490,0,51,0,143,2
5491,2,17,5,154,3
5492,2,50,2,107,2
5493,2,41,6,86,1
5494,1,29,7,52,3
5495,1,40,5,83,0
5496,0,18,0,247,3
5497,1,48,4,89,1
5498,0,29,2,290,3
5499,0,30,7,251,1
5500,2,37,5,242,0
5501,2,59,5,152,3
5502,1,48,0,260,0
5503,1,56,5,263,1
5504,1,45,6,37,0
5505,1,36,1,27,0
5506,2,44,5,198,1
5507,0,58,5,269,2
5508,1,25,0,30,0
5509,1,47,7,112,3
5510,0,25,1,128,3
5511,0,26,2,185,3
5512,0,59,2,296,2
5513,2,41,4,65,2
5514,2,39,4,91,1
5515,2,42,5,95,2
5516,2,37,1,43,2
5517,2,27,1,232,0
5518,2,44,7,57,1
5519,1,38,6,130,0
5520,1,57,4,225,2
5521,0,47,1,180,2
5522,0,31,7,275,3
5523,0,38,4,262,1
5524,1,55,7,39,0
5525,1,24,5,191,3
5526,2,57,2,58,1
5527,1,21,7,283,0
5528,2,46,7,24,2
5529,1,58,4,130,0
5530,2,28,4,119,1
5531,2,20,6,38,0
5532,1,26,2,292,3
5533,2,23,3,173,0
5534,1,21,1,120,0
5535,0,36,1,236,1
5536,2,37,7,18,2
5537,2,28,0,62,1
5538,2,50,7,231,1
5539,0,52,0,79,1
5540,2,43,1,146,3
5541,0,54,6,36,2
5542,1,47,3,195,2
5543,1,17,5,115,2
5544,1,18,0,109,1
5545,1,43,2,159,0
5546,2,20,7,215,2
5547,0,38,1,136,2
5548,1,56,7,52,0
5549,1,32,5,61,3
5550,1,31,0,117,3
5551,0,53,7,77,1
5552,2,43,2,154,0
5553,1,27,7,207,1
5554,0,22,7,36,2
5555,0,51,7,179,1
5556,0,54,7,19,3
5557,1,22,6,73,2
5558,1,51,4,230,1
5559,1,58,7,253,0
5560,0,57,3,295,2
5561,0,19,3,120,0
5562,2,45,6,137,1
5563,0,28,3,157,1
5564,1,54,6,144,2
5565,1,55,3,34,0
5566,1,31,3,56,1
5567,0,44,2,191,1
5568,1,17,7,291,3
5569,0,45,5,151,3
5570,2,26,7,200,2
5571,2,52,4,224,0
5572,2,30,5,211,3
5573,1,57,6,45,3
5574,2,44,5,95,2
5575,0,29,0,33,2
5576,0,42,1,101,3
5577,1,21,6,52,0
5578,0,23,0,254,3
5579,0,39,2,31,1
5580,0,19,2,114,2
5581,0,34,5,55,1
5582,2,56,6,50,1
5583,2,42,7,181,1
5584,2,28,4,176,3
5585,1,19,1,71,1
5586,2,56,3,119,0
5587,0,43,2,266,2
5588,2,55,0,83,3
5589,2,16,0,240,3
5590,1,54,0,118,2
5591,0,32,7,276,1
5592,2,42,6,112,0
5593,0,55,2,10,0
5594,1,29,5,113,2
5595,1,33,7,262,3
5596,2,54,3,59,0
5597,0,36,1,244,2
5598,1,57,2,182,3
5599,1,32,1,265,2
5600,0,58,7,199,3
5601,2,34,7,295,3
5602,1,56,4,78,3
5603,1,59,6,126,3
5604,0,40,5,53,1
5605,0,58,3,203,2
5606,0,56,1,88,3
5607,2,45,5,294,2
5608,1,34,7,255,0
5609,0,57,5,113,1
5610,2,24,1,173,0
5611,1,56,6,265,2
5612,2,37,5,12,2
5613,0,25,7,165,0
5614,0,28,4,168,0
5615,0,30,7,185,0
5616,2,25,0,136,2
5617,0,57,0,299,0
5618,0,30,5,59,2
5619,1,52,1,220,0
5620,2,52,1,207,3
5621,0,38,4,80,3
5622,1,28,2,262,0
5623,0,28,1,299,3
5624,1,56,3,261,1
5625,1,41,5,178,0
5626,2,36,5,244,3
5627,0,17,5,227,2
5628,2,39,4,134,3
5629,2,50,4,251,0
5630,2,38,3,262,3
5631,1,50,5,271,3
5632,1,33,7,245,3
5633,2,35,4,32,2
5634,2,55,2,75,2
5635,1,41,0,49,2
5636,1,16,0,143,0
5637,2,29,6,28,3
5638,0,47,0,18,0
5639,2,16,7,212,2
5640,2,54,1,180,2
5641,0,17,0,228,2
5642,2,42,5,150,1
5643,0,30,5,233,2
5644,1,53,7,250,0
5645,0,20,4,101,0
5646,0,58,1,226,2
5647,0,35,2,125,1
5648,0,53,1,273,3
5649,1,47,3,132,0
5650,1,24,2,250,0
5651,1,46,3,93,0
5652,1,40,7,163,0
5653,2,34,2,296,2
5654,1,34,0,273,3
5655,2,29,0,183,2
5656,1,37,2,274,3
5657,0,40,5,298,1
5658,0,55,5,281,2
5659,2,42,2,283,1
5660,0,52,4,210,2
5661,0,45,5,233,2
5662,2,55,3,40,1
5663,0,18,2,118,2
5664,1,25,4,95,3
5665,2,21,2,227,1
5666,2,25,0,15,3
5667,2,51,7,57,1
5668,1,46,4,169,1
5669,1,49,7,26,2
5670,2,59,4,269,2
5671,0,33,1,182,3
5672,2,43,0,78,3
5673,1,49,6,53,2
5674,1,34,0,288,2
5675,0,19,7,57,0
5676,2,56,0,74,1
5677,2,47,3,66,3
5678,2,42,4,264,2
5679,0,58,2,213,0
5680,0,53,2,115,1
5681,1,45,3,23,3
5682,2,50,6,160,1
5683,1,21,2,291,3
5684,2,42,0,98,2
5685,1,50,4,85,1
5686,0,48,5,206,3
5687,2,36,1,51,2
5688,2,21,5,236,1
5689,1,40,2,72,2
5690,2,46,7,268,1
5691,1,54,0,16,0
5692,2,21,1,65,1
5693,2,34,5,31,3
5694,1,45,5,97,2
5695,1,33,0,36,1
5696,0,32,2,109,3
5697,2,52,2,168,1
5698,1,37,0,33,2
5699,0,49,0,12,1
5700,0,39,4,217,0
5701,1,58,6,258,2
5702,0,29,1,50,0
5703,1,56,7,112,0
5704,1,38,5,93,1
5705,1,50,0,126,0
5706,1,58,6,191,1
5707,1,53,3,258,1
5708,1,21,1,145,1
5709,0,21,0,91,1
5710,2,46,0,40,3
5711,2,38,2,241,2
5712,0,54,6,285,1
5713,2,34,3,280,1
5714,1,23,2,15,0
5715,1,45,6,125,3
5716,0,24,1,35,3
5717,2,39,5,115,0
5718,0,21,2,36,3
5719,0,16,1,65,1
5720,1,47,1,122,0
5721,2,47,4,82,2
5722,1,16,6,270,1
5723,1,58,5,123,0
5724,2,18,4,296,3
5725,2,32,2,164,0
5726,2,54,1,88,2
5727,0,53,5,249,0
5728,1,36,1,51,3
5729,1,53,7,218,3
5730,0,27,1,104,0
5731,1,18,0,105,3
5732,2,17,0,299,3
5733,2,57,5,115,3
5734,1,25,7,68,1
5735,1,48,0,86,2
5736,0,41,0,188,0
5737,2,16,6,238,3
5738,0,52,6,137,1
5739,0,40,3,83,2
5740,0,52,1,281,1
5741,2,49,2,290,1
5742,0,45,6,76,1
5743,0,53,3,192,0
5744,2,20,4,82,1
5745,1,50,3,170,1
5746,0,39,5,286,2
5747,1,58,5,134,2
5748,2,24,3,51,0
5749,1,22,7,295,1
5750,1,49,1,248,2
5751,1,34,1,26,3
5752,0,32,7,153,3
5753,1,29,4,270,3
5754,2,20,0,226,2
5755,0,35,1,104,3
5756,0,29,0,113,1
5757,0,47,0,219,3
5758,2,57,7,224,0
5759,0,48,5,166,3
5760,2,41,1,125,1
5761,1,31,4,110,1
5762,2,42,1,272,0
5763,2,27,0,97,3
5764,0,51,5,207,0
5765,2,45,0,46,3
5766,0,52,0,189,1
5767,1,47,3,297,2
5768,0,46,0,232,3
5769,1,48,7,285,2
5770,0,20,0,158,2
5771,1,40,1,298,3
5772,2,36,0,90,2
5773,2,57,7,221,1
5774,0,22,0,52,1
5775,0,54,4,37,1
5776,2,20,3,219,0
5777,1,53,5,213,2
5778,0,26,3,56,3
5779,1,43,5,258,3
5780,1,37,6,65,1
5781,2,24,0,10,3
5782,0,24,4,42,0
5783,1,54,7,107,0
5784,1,24,5,66,0
5785,2,38,0,261,3
5786,0,44,7,193,0
5787,2,24,2,40,0
5788,1,34,6,13,3
5789,2,48,5,23,1
5790,2,31,1,227,3
5791,2,52,4,163,2
5792,0,49,0,195,3
5793,0,25,2,270,2
5794,2,36,3,99,2
5795,0,50,7,224,1
5796,0,37,2,116,2
5797,2,38,2,278,0
5798,0,23,2,62,3
5799,1,56,4,217,2
5800,1,41,2,126,3
5801,2,59,3,116,3
5802,2,16,6,79,2
5803,0,21,6,206,3
5804,2,22,3,53,0
5805,1,58,7,43,2
5806,2,28,3,145,3
5807,0,16,1,57,0
5808,1,25,3,149,3
5809,0,54,5,85,2
5810,1,17,1,70,0
5811,2,34,1,135,1
5812,1,32,7,204,2
5813,2,29,0,177,1
5814,1,26,4,238,3
5815,1,52,6,151,3
5816,1,24,5,136,1
5817,0,20,1,74,0
5818,2,56,5,232,1
5819,1,34,6,138,2
5820,0,50,1,297,1
5821,0,36,3,19,0
5822,0,56,3,264,1
5823,2,22,2,203,0
5824,0,25,0,104,1
5825,1,41,0,272,2
5826,1,52,4,299,3
5827,2,35,3,249,0
5828,2,39,3,201,3
5829,1,40,4,103,1
5830,2,24,6,226,1
5831,1,44,0,137,0
5832,1,54,0,43,2
5833,2,46,5,81,0
5834,1,21,5,137,2
5835,1,20,4,248,2
5836,0,24,2,151,0
5837,2,46,3,32,0
5838,2,25,6,36,1
5839,2,34,0,262,1
5840,1,36,6,54,1
5841,1,37,7,52,3
5842,0,31,3,145,1
5843,2,17,2,32,2
5844,1,58,2,295,0
5845,0,18,0,139,2
5846,0,57,0,125,2
5847,1,31,2,151,1
5848,0,43,4,275,3
5849,0,37,7,204,0
5850,2,27,4,234,0
5851,1,30,0,267,0
5852,1,51,4,263,1
5853,1,30,0,78,0
5854,1,37,7,199,3
5855,2,23,7,103,1
5856,1,32,4,114,2
5857,2,50,1,25,2
5858,0,37,0,148,3
5859,2,37,4,244,2
5860,0,38,1,55,1
5861,0,24,1,141,2
5862,1,42,6,133,2
5863,1,37,1,166,0
5864,0,44,3,113,1
5865,2,18,6,113,3
5866,2,41,7,147,0
5867,1,16,1,203,2
5868,0,49,0,188,3
5869,0,31,6,131,0
5870,1,23,1,78,0
5871,1,54,4,243,3
5872,2,35,4,230,0
5873,1,33,4,127,2
5874,1,21,3,210,2
5875,2,59,5,32,1
5876,2,39,6,44,2
5877,0,23,5,238,0
5878,2,16,1,171,3
5879,1,57,2,79,1
5880,0,52,3,88,0
5881,1,46,6,273,2
5882,1,42,1,35,0
5883,0,25,3,16,1
5884,1,38,7,89,2
5885,1,25,3,220,0
5886,1,47,1,129,2
5887,0,38,0,185,0
5888,1,32,5,286,0
5889,1,58,6,83,3
5890,0,27,3,242,0
5891,1,58,7,134,3
5892,0,57,0,180,0
5893,0,39,1,206,0
5894,0,55,1,97,3
5895,1,21,0,236,1
5896,1,18,5,226,2
5897,2,24,7,60,1
5898,1,36,5,270,2
5899,0,50,2,128,1
5900,2,26,5,171,1
5901,0,28,7,299,3
5902,1,45,3,227,1
5903,1,47,7,165,0
5904,1,36,2,22,2
5905,1,41,2,118,0
5906,2,53,4,221,1
5907,0,50,2,94,1
5908,1,25,7,165,2
5909,2,40,6,239,1
5910,2,33,6,146,2
5911,2,19,3,118,2
5912,2,36,7,128,3
5913,0,28,2,251,0
5914,1,50,7,228,0
5915,0,38,3,222,2
5916,0,55,5,124,0
5917,1,18,1,203,0
5918,0,28,1,292,0
5919,0,47,1,235,3
5920,2,25,0,69,2
5921,1,48,4,137,3
5922,2,43,3,59,0
5923,1,36,1,233,1
5924,2,33,7,140,2
5925,0,55,0,213,0
5926,0,46,3,139,0
5927,1,45,2,53,1
5928,0,51,6,268,3
5929,0,20,3,74,1
5930,1,30,0,51,1
5931,1,58,6,222,2
5932,1,51,4,144,3
5933,2,37,0,180,1
5934,0,16,7,62,2
5935,0,36,0,70,3
5936,0,19,5,165,0
5937,2,38,6,229,2
5938,1,22,1,180,3
5939,1,56,0,173,3
5940,0,40,0,152,2
5941,2,58,7,214,1
5942,0,48,1,286,3
5943,0,42,3,188,2
5944,0,43,0,29,3
5945,1,20,7,161,0
5946,1,39,4,123,3
5947,1,53,7,107,3
5948,0,34,4,99,3
5949,0,59,3,270,3
5950,0,28,4,220,2
5951,1,54,0,129,0
5952,1,22,7,145,1
5953,0,52,2,248,1
5954,2,28,1,168,2
5955,2,30,1,15,0
5956,2,25,0,208,3
5957,0,17,6,188,2
5958,1,51,5,13,2
5959,1,23,0,49,2
5960,2,43,5,241,1
5961,0,25,3,287,1
5962,1,58,1,141,0
5963,0,49,2,287,1
5964,2,34,1,25,3
5965,2,59,5,135,2
5966,0,28,4,146,0
5967,0,31,2,94,2
5968,2,43,0,227,2
5969,1,24,4,255,1
5970,2,55,2,191,0
5971,0,37,5,239,1
5972,0,42,0,205,3
5973,1,35,1,110,3
5974,2,25,6,146,2
5975,2,38,4,86,1
5976,1,56,6,110,2
5977,0,54,3,49,0
5978,1,56,1,75,3
5979,2,46,0,173,3
5980,1,55,3,94,2
5981,0,55,0,279,3
5982,1,21,4,226,1
5983,0,49,0,210,1
5984,1,24,3,256,2
5985,2,23,4,77,1
5986,1,25,2,249,1
5987,0,56,0,184,1
5988,1,54,3,224,2
5989,2,46,4,206,2
5990,1,22,2,118,3
5991,1,55,6,63,2
5992,1,40,4,110,0
5993,0,17,2,209,1
5994,2,49,1,168,0
5995,0,26,5,85,2
5996,0,25,0,26,2
5997,1,57,6,213,1
5998,2,28,7,45,1
5999,0,21,3,93,0
6000,0,53,0,96,1
6001,1,32,2,233,3
6002,1,28,6,61,1
6003,1,16,1,206,3
6004,0,41,1,151,1
6005,2,45,2,196,2
6006,2,54,5,242,0
6007,1,16,0,215,2
6008,2,46,5,14,0
6009,2,34,2,221,1
6010,2,44,3,157,1
6011,2,18,7,224,1
6012,2,47,0,233,3
6013,2,48,1,19,0
6014,1,56,6,159,0
6015,0,40,7,167,0
6016,1,55,6,84,3
6017,2,49,5,264,0
6018,2,53,2,219,1
6019,2,48,4,206,3
6020,2,56,2,260,1
6021,0,57,2,125,2
6022,1,58,1,83,1
6023,0,37,4,22,3
6024,2,18,4,274,2
6025,2,30,0,158,2
6026,1,38,7,28,3
6027,2,16,4,124,1
6028,2,49,4,166,3
6029,0,32,5,154,3
6030,2,27,6,23,2
6031,1,17,3,239,2
6032,1,54,7,133,1
6033,0,25,3,77,3
6034,1,30,3,75,3
6035,2,53,7,113,3
6036,0,18,7,56,3
6037,1,59,4,141,2
6038,1,20,4,114,1
6039,1,16,7,131,1
6040,0,21,6,49,2
6041,2,59,5,203,1
6042,2,59,7,179,2
6043,1,59,5,126,0
6044,1,31,6,237,1
6045,0,23,5,99,2
6046,1,56,7,205,1
6047,0,52,5,297,3
6048,2,44,6,242,0
6049,1,29,7,121,0
6050,2,44,3,48,2
6051,0,21,4,136,2
6052,2,43,2,257,2
6053,2,34,1,256,2
6054,2,18,4,132,2
6055,2,35,3,126,2
6056,1,58,6,67,1
6057,0,35,3,80,1
6058,2,47,2,26,1
6059,1,18,1,17,1
6060,2,19,1,149,2
6061,2,28,0,247,2
6062,0,25,6,12,2
6063,1,26,1,244,1
6064,2,39,7,41,3
6065,0,32,1,32,3
6066,2,18,1,263,2
6067,2,50,2,85,1
6068,2,29,0,88,2
6069,0,54,2,264,0
6070,2,51,5,151,2
6071,2,40,6,58,1
6072,1,48,3,128,1
6073,2,37,0,75,1
6074,2,40,1,80,0
6075,1,23,1,298,2
6076,2,37,4,101,2
6077,2,20,6,281,0
6078,2,43,6,292,2
6079,2,27,7,50,3
6080,2,24,0,287,2
6081,2,36,7,248,0
6082,2,23,3,273,0
6083,0,31,4,88,1
6084,2,46,3,70,3
6085,0,40,4,265,3
6086,1,57,7,188,3
6087,2,59,7,15,1
6088,1,42,7,199,1
6089,0,56,0,80,0
6090,1,53,3,266,2
6091,1,59,4,37,2
6092,2,41,0,69,3
6093,2,31,3,290,1
6094,1,41,0,25,3
6095,1,23,5,37,3
6096,0,54,1,180,0
6097,1,26,1,53,0
6098,2,48,0,91,0
6099,1,49,7,211,1
6100,2,22,0,139,1
6101,2,33,2,42,1
6102,0,18,0,200,3
6103,0,57,5,261,2
6104,2,46,6,65,3
6105,0,34,2,103,3
6106,0,38,1,105,1
6107,2,50,5,253,2
6108,1,21,0,33,2
6109,2,16,7,239,1
6110,1,54,2,179,2
6111,2,28,1,123,1
6112,1,30,5,287,1
6113,2,16,4,255,3
6114,0,23,0,230,3
6115,2,56,2,40,1
6116,1,55,1,130,0
6117,0,23,3,175,3
6118,1,38,3,10,3
6119,1,17,4,294,3
6120,1,42,1,132,0
6121,1,19,5,251,1
6122,1,40,2,168,3
6123,0,22,3,283,1
6124,1,56,6,194,0
6125,0,18,6,263,3
6126,2,17,6,184,0
6127,0,32,1,111,1
6128,1,49,7,230,1
6129,1,34,2,204,3
6130,2,18,2,284,3
6131,0,41,0,201,1
6132,0,26,2,67,3
6133,2,34,2,293,2
6134,0,22,4,98,2
6135,2,49,1,112,0
6136,2,30,4,229,2
6137,2,40,6,67,3
6138,1,46,7,53,0
6139,0,37,5,169,2
6140,2,34,1,55,3
6141,0,22,3,298,3
6142,0,36,1,127,3
6143,0,35,7,208,2
6144,2,55,6,103,3
6145,1,45,4,133,3
6146,0,32,7,284,0
6147,2,43,1,156,0
6148,2,52,4,273,1
6149,1,17,0,48,1
6150,0,50,7,75,0
6151,2,21,4,187,3
6152,0,36,0,296,3
6153,1,48,1,40,0
6154,1,28,1,123,0
6155,2,26,6,247,0
6156,0,36,0,174,2
6157,1,52,1,112,1
6158,1,37,7,25,2
6159,1,26,2,193,0
6160,2,20,4,183,2
6161,1,53,1,127,1
6162,1,21,5,289,3
6163,2,52,2,262,1
6164,1,54,2,192,1
6165,2,49,4,22,3
6166,1,33,4,195,2
6167,1,47,1,238,3
6168,0,58,7,36,3
6169,1,43,7,255,1
6170,2,40,1,219,1
6171,2,42,7,81,2
6172,0,27,6,76,3
6173,0,49,5,263,0
6174,0,40,6,73,3
6175,2,17,1,249,3
6176,1,16,0,182,2
6177,2,48,7,193,3
6178,0,39,0,179,3
6179,2,33,5,40,2
6180,0,50,0,82,3
6181,0,38,2,278,2
6182,1,23,3,197,3
6183,0,21,6,153,2
6184,2,33,3,127,1
6185,1,32,5,12,2
6186,0,46,3,164,3
6187,2,34,2,113,2
6188,2,16,4,72,0
6189,2,31,0,135,1
6190,2,38,2,135,2
6191,1,54,6,189,0
6192,1,30,3,57,2
6193,2,50,1,167,3
6194,0,42,2,13,0
6195,1,38,7,172,2
6196,2,25,7,296,1
6197,1,42,7,73,3
6198,0,43,0,231,2
6199,1,52,3,161,2
6200,1,37,5,79,0
6201,2,29,5,66,3
6202,0,52,6,180,3
6203,0,45,4,214,3
6204,0,17,2,115,1
6205,1,52,1,204,3
6206,0,53,4,32,0
6207,0,49,0,173,0
6208,1,50,3,269,1
6209,0,50,6,281,3
6210,2,48,4,226,3
6211,0,24,0,165,1
6212,1,44,5,155,1
6213,2,38,1,161,3
6214,2,30,6,15,1
6215,2,19,2,288,1
6216,1,24,6,16,0
6217,0,53,6,101,1
6218,1,46,6,100,2
6219,0,56,3,50,0
6220,2,50,1,97,1
6221,0,40,7,49,0
6222,0,36,6,211,3
6223,2,20,5,60,2
6224,2,18,1,23,2
6225,2,20,0,140,3
6226,1,53,2,211,0
6227,2,29,4,119,0
6228,2,52,1,117,2
6229,1,23,4,215,2
6230,0,41,3,66,3
6231,1,31,7,17,1
6232,1,23,4,219,0
6233,0,45,7,246,1
6234,1,38,5,30,1
6235,2,44,2,141,0
6236,2,51,1,42,1
6237,1,20,3,188,2
6238,0,46,6,56,2
6239,1,21,1,93,1
6240,1,19,4,89,3
6241,0,36,7,133,0
6242,0,41,5,201,1
6243,2,29,7,279,0
6244,2,46,2,101,0
6245,0,59,7,259,0
6246,1,29,1,181,3
6247,0,47,2,158,2
6248,2,41,5,236,3
6249,2,50,1,235,0
6250,0,16,2,32,2
6251,2,38,5,45,1
6252,0,56,5,20,3
6253,2,19,4,11,2
6254,2,57,7,33,2
6255,2,27,1,213,3
6256,0,40,3,262,2
6257,0,32,3,80,3
6258,0,16,6,68,3
6259,0,34,3,102,3
6260,0,17,7,298,3
6261,0,45,6,192,2
6262,1,52,5,174,0
6263,0,22,6,273,1
6264,1,38,5,277,0
6265,2,44,7,204,3
6266,1,59,1,23,3
6267,0,52,2,273,2
6268,2,54,7,109,0
6269,1,40,4,57,3
6270,1,55,1,294,3
6271,0,20,2,88,1
6272,0,51,1,274,2
6273,2,32,2,41,3
6274,0,47,1,108,0
6275,2,27,3,139,1
6276,2,18,5,123,1
6277,1,30,6,164,2
6278,1,33,7,28,3
6279,2,53,6,289,0
6280,0,42,1,195,1
6281,0,50,7,170,1
6282,0,30,2,103,1
6283,0,38,6,87,1
6284,2,50,1,36,0
6285,2,20,2,172,0
6286,1,18,5,245,1
6287,0,48,0,240,2
6288,0,51,3,32,0
6289,0,57,6,294,2
6290,2,32,5,217,3
6291,0,26,1,82,0
6292,2,46,5,196,0
6293,1,41,4,177,3
6294,2,27,4,223,2
6295,0,30,5,272,2
6296,2,31,1,11,2
6297,1,20,0,10,3
6298,2,45,3,154,1
6299,2,37,1,145,1
6300,1,55,3,239,3
6301,1,29,2,217,3
6302,2,41,4,297,0
6303,1,54,1,257,2
6304,2,45,3,203,3
6305,0,26,7,143,3
6306,1,53,4,256,1
6307,0,45,4,294,1
6308,2,42,7,270,0
6309,2,18,7,194,0
6310,1,52,1,195,2
6311,2,45,1,113,0
6312,1,18,7,230,1
6313,1,25,7,238,0
6314,0,50,4,181,1
6315,1,55,2,65,1
6316,1,37,2,149,2
6317,0,42,2,197,0
6318,0,17,2,214,1
6319,2,35,0,207,2
6320,1,39,7,245,0
6321,0,31,5,111,2
6322,1,57,1,269,1
6323,1,52,7,299,2
6324,2,31,2,65,2
6325,0,20,2,219,1
6326,0,57,1,103,1
6327,2,33,3,285,2
6328,2,54,2,19,1
6329,1,51,0,160,2
6330,0,54,2,228,3
6331,1,49,5,48,0
6332,0,28,0,155,3
6333,0,38,3,294,1
6334,2,34,1,69,0
6335,2,24,5,175,3
6336,2,57,4,154,0
6337,2,45,4,89,2
6338,2,41,6,176,3
6339,2,37,4,106,1
6340,1,25,0,45,0
6341,2,24,3,241,3
6342,2,27,7,134,2
6343,2,58,0,146,2
6344,1,39,2,74,2
6345,1,32,4,123,0
6346,2,26,1,267,3
6347,1,20,2,196,2
6348,0,18,4,95,1
6349,0,56,7,33,1
6350,1,47,7,281,1
6351,1,18,2,34,2
6352,2,42,4,104,2
6353,2,51,3,238,0
6354,1,23,3,246,2
6355,2,39,7,229,1
6356,0,17,1,272,2
6357,1,42,1,107,3
6358,2,42,6,57,0
6359,2,27,0,81,2
6360,1,57,6,24,0
6361,1,18,5,195,1
6362,2,55,2,21,0
6363,2,43,0,155,0
6364,0,36,7,180,2
6365,2,35,0,55,0
6366,0,57,5,31,0
6367,2,51,5,63,0
6368,1,56,2,292,0
6369,2,28,1,159,1
6370,1,59,2,128,0
6371,2,36,4,246,2
6372,1,59,0,20,1
6373,1,53,1,110,2
6374,1,57,5,295,0
6375,0,24,1,27,2
6376,0,38,4,101,1
6377,1,53,3,96,1
6378,1,37,6,270,0
6379,0,26,6,60,2
6380,2,31,1,110,1
6381,2,38,6,129,0
6382,1,33,7,112,3
6383,0,55,5,102,3
6384,1,30,5,192,2
6385,1,43,3,299,2
6386,0,26,3,80,1
6387,1,57,4,213,2
6388,2,28,1,189,2
6389,0,32,4,167,2
6390,2,56,4,18,3
6391,2,18,1,255,1
6392,0,47,1,88,1
6393,0,35,4,68,3
6394,1,47,3,46,2
6395,0,42,5,284,1
6396,2,44,7,118,3
6397,2,48,3,72,2
6398,1,48,2,278,1
6399,2,49,5,173,0
6400,1,47,0,295,0
6401,2,58,7,251,0
6402,1,20,2,138,0
6403,1,47,6,119,1
6404,0,44,0,43,2
6405,2,34,3,152,1
6406,2,24,6,75,3
6407,0,21,3,108,2
6408,0,21,7,126,0
6409,1,55,5,160,0
6410,1,30,0,26,1
6411,1,41,1,64,3
6412,2,31,3,299,3
6413,0,26,6,94,1
6414,1,17,2,191,0
6415,0,49,3,133,0
6416,1,51,3,92,0
6417,1,32,7,28,1
6418,2,57,3,22,2
6419,0,59,5,146,2
6420,2,53,7,201,0
6421,1,57,1,211,3
6422,1,54,6,185,1
6423,2,21,6,61,3
6424,0,31,0,56,2
6425,0,28,3,225,0
6426,2,46,6,126,1
6427,0,23,7,203,1
6428,0,47,5,114,1
6429,2,38,1,279,1
6430,0,45,0,83,2
6431,0,49,0,55,0
6432,1,43,4,205,1
6433,2,45,0,93,3
6434,0,57,1,247,1
6435,2,17,7,23,1
6436,2,46,0,68,1
6437,2,59,7,137,2
6438,1,29,4,31,0
6439,1,51,7,30,1
6440,1,32,2,62,1
6441,2,21,0,143,3
6442,0,39,1,112,1
6443,2,52,3,98,0
6444,2,25,3,81,0
6445,2,46,3,165,3
6446,0,31,5,151,0
6447,1,45,4,123,0
6448,2,29,7,216,1
6449,0,20,2,293,3
6450,2,36,1,262,2
6451,1,38,0,196,1
6452,0,41,6,190,0
6453,2,50,0,266,3
6454,2,19,2,200,2
6455,2,54,4,60,1
6456,2,46,6,154,1
6457,0,30,7,91,0
6458,1,16,6,104,1
6459,2,33,7,217,0
6460,2,47,5,187,3
6461,1,38,3,98,0
6462,2,43,3,188,0
6463,0,33,4,244,1
6464,0,49,3,164,1
6465,0,50,0,295,0
6466,2,55,2,220,1
6467,1,48,3,46,1
6468,1,51,5,127,0
6469,2,23,0,270,0
6470,1,47,2,151,1
6471,0,42,3,122,1
6472,0,23,0,170,3
6473,0,42,0,294,3
6474,0,28,1,29,1
6475,1,33,4,77,3
6476,1,20,1,10,0
6477,0,47,2,34,1
6478,1,35,5,172,2
6479,1,35,5,78,3
6480,1,54,5,297,0
6481,1,47,6,18,1
6482,2,49,2,75,0
6483,0,44,5,75,1
6484,2,21,5,82,2
6485,0,44,0,89,0
6486,2,49,2,242,0
6487,2,30,2,50,3
6488,0,48,0,168,1
6489,2,38,5,217,0
6490,0,48,1,254,3
6491,0,44,5,190,3
6492,0,26,5,123,0
6493,1,34,1,47,0
6494,0,41,6,194,2
6495,1,44,3,67,0
6496,1,40,0,296,1
6497,0,51,3,118,2
6498,2,48,6,284,0
6499,0,56,5,245,3
6500,0,43,3,149,2
6501,2,47,2,281,0
6502,1,36,1,265,0
6503,1,27,3,56,3
6504,1,53,4,43,3
6505,0,27,3,220,3
6506,0,39,0,53,0
6507,1,39,4,146,0
6508,0,53,4,12,1
6509,2,18,6,256,0
6510,2,20,7,290,1
6511,2,20,7,123,1
6512,0,40,3,174,1
6513,0,18,4,64,0
6514,2,37,6,185,2
6515,2,31,2,85,2
6516,1,18,4,255,2
6517,0,48,5,162,0
6518,0,37,1,262,0
6519,2,21,5,230,2
6520,2,38,1,294,0
6521,0,18,5,146,1
6522,2,43,4,105,1
6523,2,51,3,147,2
6524,1,22,1,275,0
6525,0,43,0,299,3
6526,1,33,3,220,0
6527,1,54,1,272,3
6528,0,20,5,264,3
6529,0,18,1,54,1
6530,2,26,1,23,1
6531,2,30,1,43,3
6532,1,22,1,169,2
6533,1,24,2,52,1
6534,0,48,2,189,0
6535,1,31,7,14,2
6536,1,23,7,51,2
6537,1,33,1,41,3
6538,1,38,7,98,0
6539,0,35,3,94,2
6540,1,23,2,261,3
6541,1,19,1,180,2
6542,2,26,1,178,0
6543,2,50,0,31,3
6544,2,25,3,299,0
6545,0,41,1,240,2
6546,1,42,2,233,0
6547,0,53,4,95,1
6548,2,34,0,155,3
6549,2,56,4,65,0
6550,2,31,6,160,1
6551,0,40,7,129,3
6552,2,20,0,290,3
6553,2,53,5,49,1
6554,2,21,1,51,0
6555,1,30,7,81,1
6556,2,45,3,124,2
6557,2,18,0,200,0
6558,2,48,4,70,0
6559,1,52,4,99,3
6560,0,28,2,202,0
6561,2,18,5,105,2
6562,0,57,0,57,3
6563,0,26,3,248,3
6564,1,25,6,164,1
6565,1,54,4,85,2
6566,1,20,1,26,3
6567,1,32,3,208,0
6568,2,47,1,28,0
6569,1,32,1,10,2
6570,1,18,2,290,3
6571,1,51,7,153,3
6572,1,57,2,200,2
6573,2,46,2,273,1
6574,1,20,7,254,2
6575,2,57,3,298,2
6576,2,53,6,146,2
6577,2,44,1,84,2
6578,2,48,5,134,0
6579,2,54,0,125,3
6580,1,48,7,72,2
6581,2,48,0,264,2
6582,1,35,4,67,2
6583,1,33,3,187,0
6584,1,21,7,24,3
6585,2,59,5,29,0
6586,2,58,3,125,3
6587,2,23,3,201,3
6588,1,59,6,186,3
6589,1,22,1,54,3
6590,1,55,2,236,1
6591,0,40,0,114,2
6592,1,36,3,176,0
6593,2,46,2,251,2
6594,1,56,1,129,2
6595,2,28,5,201,0
6596,0,59,3,49,2
6597,2,51,6,239,3
6598,1,27,1,30,2
6599,1,54,2,237,2
6600,1,16,1,97,1
6601,0,18,3,178,0
6602,0,36,7,133,1
6603,1,50,5,169,0
6604,1,41,6,291,3
6605,1,41,5,276,3
6606,0,25,0,46,2
6607,1,57,1,53,0
6608,1,46,4,201,2
6609,2,53,5,164,0
6610,2,44,4,259,2
6611,2,55,6,128,3
6612,1,58,4,42,2
6613,1,20,0,258,0
6614,2,31,4,263,0
6615,2,49,3,45,0
6616,1,19,6,24,1
6617,1,19,6,241,1
6618,2,35,0,41,3
6619,1,36,4,252,2
6620,1,37,7,236,3
6621,2,46,7,173,3
6622,2,24,2,279,3
6623,1,57,0,286,0
6624,0,46,1,170,2
6625,0,41,1,98,3
6626,1,43,1,150,3
6627,2,25,6,139,2
6628,1,35,5,39,0
6629,2,36,1,164,0
6630,0,46,2,282,0
6631,1,26,1,175,2
6632,2,22,3,271,2
6633,1,48,6,268,3
6634,0,30,1,146,1
6635,2,52,7,134,0
6636,2,39,4,283,2
6637,2,40,7,181,3
6638,1,36,0,213,0
6639,1,58,2,206,1
6640,0,55,5,127,1
6641,2,49,2,169,0
6642,0,28,2,60,2
6643,2,24,3,95,0
6644,2,41,5,33,2
6645,1,33,1,241,3
6646,0,56,6,105,3
6647,1,26,0,210,1
6648,2,19,7,277,2
6649,0,50,0,168,2
6650,1,28,4,54,3
6651,2,28,4,268,1
6652,2,55,1,190,3
6653,2,49,1,291,0
6654,0,31,1,249,3
6655,1,19,2,53,3
6656,0,37,6,88,3
6657,2,19,4,158,3
6658,1,44,3,23,2
6659,1,17,2,163,2
6660,0,32,2,100,1
6661,0,35,0,104,2
6662,0,58,6,58,3
6663,1,47,6,88,0
6664,0,58,6,25,1
6665,2,37,2,296,1
6666,2,27,5,262,2
6667,2,46,2,264,0
6668,1,18,3,58,2
6669,1,46,1,249,0
6670,1,43,7,208,1
6671,0,20,4,278,1
6672,1,53,2,15,1
6673,0,48,0,165,2
6674,0,18,6,144,1
6675,2,39,1,163,3
6676,0,51,0,28,2
6677,1,21,0,77,3
6678,0,47,4,243,2
6679,1,55,0,119,3
6680,1,32,7,197,2
6681,0,59,5,39,2
6682,1,59,3,14,1
6683,1,26,3,193,3
6684,1,36,4,60,2
6685,1,44,0,270,1
6686,0,47,1,227,0
6687,0,25,6,69,1
6688,1,40,7,62,2
6689,1,39,4,67,1
6690,2,21,3,208,2
6691,2,56,3,63,1
6692,2,42,6,169,1
6693,1,30,2,206,1
6694,2,19,4,110,0
6695,1,20,0,60,0
6696,0,23,3,247,2
6697,2,24,2,98,2
6698,2,55,4,214,3
6699,0,32,0,69,2
6700,0,38,0,163,2
6701,0,18,7,106,0
6702,2,59,3,119,2
6703,0,27,5,180,2
6704,2,16,4,93,1
6705,2,40,3,58,2
6706,2,19,1,219,0
6707,2,55,6,92,1
6708,2,51,1,25,1
6709,0,52,1,37,1
6710,0,18,2,298,1
6711,0,53,5,267,3
6712,2,44,3,80,1
6713,2,56,0,87,0
6714,2,38,0,186,1
6715,2,26,6,245,2
6716,0,38,5,28,1
6717,0,29,5,80,2
6718,0,19,3,119,1
6719,1,17,7,126,3
6720,1,49,7,28,1
6721,1,46,5,96,0
6722,2,53,7,14,2
6723,0,33,0,155,3
6724,2,23,1,213,0
6725,0,30,5,173,3
6726,0,57,7,294,3
6727,2,23,3,83,2
6728,2,17,1,156,2
6729,0,40,3,214,0
6730,0,19,4,229,1
6731,1,44,4,170,3
6732,2,57,3,270,1
6733,1,26,3,158,0
6734,2,48,6,10,0
6735,2,37,5,252,3
6736,2,31,7,139,0
6737,0,58,1,227,2
6738,0,52,0,155,3
6739,2,41,4,201,2
6740,1,20,1,146,3
6741,2,20,5,81,0
6742,0,52,4,252,1
6743,1,43,6,167,2
6744,0,24,4,261,0
6745,0,36,2,43,2
6746,1,53,2,232,3
6747,0,49,7,204,3
6748,2,26,6,274,0
6749,2,54,0,296,1
6750,1,35,7,223,1
6751,0,26,2,292,2
6752,0,30,3,18,2
6753,0,28,3,250,1
6754,1,35,0,158,0
6755,0,57,3,256,1
6756,1,30,5,54,0
6757,1,46,3,156,3
6758,0,48,0,126,2
6759,1,28,6,240,3
6760,0,43,4,82,0
6761,2,43,1,251,2
6762,0,33,2,43,3
6763,2,59,1,270,3
6764,1,28,0,160,2
6765,0,23,5,266,2
6766,2,30,2,171,1
6767,0,21,7,154,0
6768,1,43,4,164,1
6769,0,56,7,294,1
6770,2,37,2,18,2
6771,2,36,2,190,1
6772,0,56,1,74,2
6773,1,25,0,93,1
6774,2,42,3,205,0
6775,2,50,5,170,0
6776,0,35,7,33,0
6777,0,52,5,188,1
6778,2,16,4,72,1
6779,1,53,7,167,1
6780,0,52,2,126,3
6781,2,42,7,75,0
6782,2,34,0,167,1
6783,0,27,6,158,3
6784,1,33,1,225,0
6785,1,17,7,196,3
6786,1,25,1,163,1
6787,1,57,6,125,2
6788,0,18,7,240,1
6789,1,31,3,166,1
6790,0,17,0,119,3
6791,2,30,4,183,1
6792,2,35,0,55,1
6793,1,56,3,280,2
6794,2,46,6,283,0
6795,2,27,1,261,0
6796,0,31,0,205,0
6797,1,19,0,84,2
6798,0,40,3,167,3
6799,1,26,3,35,1
6800,0,42,3,73,3
6801,1,33,6,54,2
6802,2,59,0,106,2
6803,1,41,1,140,0
6804,2,31,1,200,0
6805,1,31,4,274,0
6806,1,43,4,75,2
6807,0,51,5,166,2
6808,0,45,0,203,2
6809,0,35,5,18,0
6810,0,17,0,127,0
6811,1,32,3,198,3
6812,2,21,5,265,2
6813,1,37,6,119,3
6814,0,25,0,55,3
6815,2,56,3,298,1
6816,2,37,5,189,2
6817,1,31,1,139,1
6818,2,23,7,167,3
6819,2,31,7,19,1
6820,1,58,0,298,3
6821,2,43,6,54,2
6822,1,17,0,89,1
6823,0,33,4,57,2
6824,2,32,6,105,0
6825,0,19,3,85,2
6826,0,47,0,144,2
6827,1,44,0,24,1
6828,2,33,1,287,3
6829,2,34,6,32,3
6830,1,19,1,286,2
6831,0,47,1,54,0
6832,1,40,3,14,3
6833,1,59,3,195,2
6834,0,44,0,274,0
6835,2,41,7,232,3
6836,2,19,6,102,1
6837,1,47,1,123,2
6838,0,34,7,171,1
6839,2,57,4,223,0
6840,2,42,4,158,3
6841,0,24,3,161,1
6842,0,40,5,43,2
6843,1,58,5,35,2
6844,0,29,1,66,2
6845,2,23,5,115,2
6846,0,46,0,152,2
6847,0,44,2,44,0
6848,2,55,4,63,0
6849,2,55,4,220,3
6850,1,47,5,32,1
6851,0,24,4,170,1
6852,0,38,3,10,0
6853,2,48,0,172,1
6854,1,47,3,192,1
6855,2,46,7,13,2
6856,2,35,7,234,1
6857,2,17,7,222,1
6858,2,52,3,223,0
6859,0,41,3,40,1
6860,1,23,4,242,0
6861,1,25,6,265,2
6862,0,27,0,225,0
6863,2,25,4,67,0
6864,0,50,5,30,0
6865,2,52,3,100,2
6866,1,20,5,148,0
6867,1,52,5,138,3
6868,0,21,0,297,3
6869,2,50,6,177,3
6870,1,48,2,202,2
6871,2,48,4,134,2
6872,1,39,0,240,3
6873,2,33,4,71,3
6874,1,43,4,152,2
6875,0,52,2,107,3
6876,2,52,7,102,3
6877,1,26,5,14,1
6878,1,53,5,213,1
6879,2,21,7,141,1
6880,1,18,6,132,3
6881,0,56,7,227,1
6882,1,57,0,284,0
6883,2,22,1,48,3
6884,2,54,2,271,1
6885,0,38,3,53,3
6886,0,35,4,16,2
6887,1,46,5,283,3
6888,1,48,6,94,1
6889,0,51,2,279,3
6890,0,48,1,120,1
6891,1,55,2,55,3
6892,1,57,4,244,2
6893,2,26,3,199,3
6894,1,44,5,67,1
6895,1,20,1,288,0
6896,1,42,5,92,2
6897,2,23,5,160,2
6898,1,50,1,138,3
6899,0,54,0,16,0
6900,0,18,3,39,1
6901,0,51,7,214,1
6902,2,34,1,138,1
6903,0,43,2,30,3
6904,0,30,6,187,2
6905,2,57,2,214,3
6906,0,59,7,238,2
6907,1,50,2,177,3
6908,0,58,7,124,3
6909,1,21,3,126,1
6910,0,28,4,115,2
6911,1,52,4,191,1
6912,0,27,4,264,2
6913,2,27,1,83,0
6914,1,40,4,151,1
6915,1,37,3,147,3
6916,1,22,1,131,2
6917,2,32,0,91,3
6918,1,33,3,62,3
6919,1,47,7,287,3
6920,0,30,1,44,3
6921,0,52,7,239,1
6922,0,41,7,132,2
6923,0,40,5,211,3
6924,1,58,3,44,1
6925,2,41,0,207,3
6926,0,52,2,99,2
6927,2,37,2,292,2
6928,1,21,5,156,3
6929,1,40,1,26,1
6930,0,25,4,139,1
6931,0,35,1,267,2
6932,1,51,6,174,2
6933,2,52,6,135,3
6934,1,18,6,195,3
6935,0,32,5,242,3
6936,0,56,3,149,1
6937,2,16,4,220,0
6938,0,38,5,55,2
6939,0,20,3,179,3
6940,1,20,2,142,1
6941,0,41,4,119,1
6942,1,54,1,77,3
6943,1,26,2,241,0
6944,2,22,2,112,0
6945,1,34,1,140,1
6946,2,28,3,187,3
6947,2,57,1,118,1
6948,1,57,5,33,3
6949,2,59,0,279,0
6950,2,34,2,11,3
6951,2,31,1,241,3
6952,0,30,6,28,1
6953,2,36,0,86,0
6954,0,21,4,170,0
6955,2,19,7,270,1
6956,0,57,6,234,1
6957,0,17,4,266,3
6958,2,43,7,75,3
6959,0,41,4,259,0
6960,1,46,5,270,0
6961,2,44,2,173,0
6962,2,39,7,240,0
6963,2,39,5,36,1
6964,2,50,4,26,2
6965,1,27,0,247,2
6966,1,35,3,214,3
6967,1,54,6,11,0
6968,1,59,1,254,1
6969,2,25,2,292,1
6970,0,26,3,213,2
6971,2,49,4,137,3
6972,0,49,5,238,0
6973,0,49,4,174,2
6974,0,36,4,278,1
6975,1,45,7,162,0
6976,2,27,0,217,0
6977,2,39,3,264,3
6978,2,25,7,79,1
6979,0,40,1,23,2
6980,1,44,6,262,2
6981,1,29,1,191,0
6982,2,48,3,88,3
6983,1,41,5,204,2
6984,2,30,4,92,0
6985,1,35,3,61,1
6986,0,28,0,269,1
6987,2,36,5,298,1
6988,2,57,5,291,2
6989,2,41,3,59,0
6990,1,23,1,288,0
6991,1,37,5,255,1
6992,1,50,1,80,1
6993,2,54,5,199,3
6994,2,53,6,11,3
6995,0,16,7,93,2
6996,0,58,7,122,2
6997,2,51,0,220,1
6998,1,16,7,49,3
6999,1,37,6,100,1
7000,0,49,6,57,3
7001,2,31,4,148,1
7002,2,33,0,244,0
7003,2,37,5,116,2
7004,2,31,4,186,2
7005,1,17,1,222,2
7006,1,16,7,174,3
7007,2,24,5,276,0
7008,0,22,5,110,1
7009,1,31,3,282,2
7010,2,51,0,251,0
7011,0,53,4,128,3
7012,2,41,0,95,0
7013,1,50,5,210,2
7014,0,31,4,252,1
7015,0,26,2,169,1
7016,1,18,1,55,2
7017,0,48,2,62,2
7018,0,29,5,52,3
7019,2,34,2,77,2
7020,2,20,2,285,0
7021,1,55,4,295,2
7022,2,54,5,268,0
7023,2,22,3,154,1
7024,2,47,2,72,1
7025,1,37,4,25,2
7026,1,44,1,59,0
7027,2,46,4,262,0
7028,2,57,7,59,0
7029,1,41,4,27,0
7030,0,48,5,207,3
7031,0,59,2,235,0
7032,1,31,0,11,0
7033,0,16,2,220,0
7034,1,34,1,85,2
7035,2,26,7,180,2
7036,2,30,3,46,2
7037,0,45,6,127,1
7038,2,36,0,74,2
7039,1,30,7,250,0
7040,2,23,5,108,3
7041,1,51,0,36,3
7042,1,19,6,95,2
7043,0,50,1,248,1
7044,2,45,5,284,0
7045,0,34,5,90,3
7046,1,16,7,51,3
7047,2,57,4,264,3
7048,0,39,3,136,2
7049,0,23,5,239,0
7050,1,35,3,12,2
7051,2,28,6,155,3
7052,0,29,2,234,1
7053,1,37,1,287,1
7054,1,24,4,41,0
7055,2,46,3,201,2
7056,0,29,4,261,2
7057,1,24,7,205,3
7058,0,29,1,280,2
7059,2,22,5,178,2
7060,1,36,6,44,1
7061,1,27,4,234,0
7062,1,38,4,283,2
7063,0,51,5,273,1
7064,1,58,7,269,2
7065,2,36,3,202,2
7066,0,54,3,159,2
7067,1,25,0,69,1
7068,2,30,3,283,3
7069,2,47,7,100,1
7070,2,58,7,170,2
7071,0,43,5,293,0
7072,2,17,5,282,0
7073,2,43,2,62,1
7074,1,25,2,64,2
7075,2,19,3,108,3
7076,1,22,0,202,1
7077,0,23,1,137,2
7078,2,21,2,199,3
7079,0,42,4,109,3
7080,0,52,2,180,3
7081,2,28,3,139,3
7082,2,49,3,215,3
7083,0,30,7,250,3
7084,0,45,1,186,1
7085,1,30,3,80,2
7086,2,43,7,56,0
7087,1,21,3,193,1
7088,2,53,1,208,3
7089,2,41,5,74,0
7090,0,33,6,232,1
7091,1,53,1,137,0
7092,1,37,1,140,2
7093,1,42,6,19,1
7094,0,54,4,205,2
7095,2,36,7,181,3
7096,1,46,6,261,3
7097,0,23,5,224,1
7098,2,31,4,73,1
7099,1,47,3,18,2
7100,1,57,2,68,0
7101,0,40,7,97,0
7102,2,39,2,177,0
7103,1,26,7,246,2
7104,1,26,2,170,2
7105,0,18,4,197,0
7106,1,29,6,47,2
7107,0,54,7,277,3
7108,1,55,6,33,2
7109,0,52,1,129,0
7110,1,27,2,217,1
7111,0,54,7,219,0
7112,2,17,0,14,3
7113,1,54,5,31,0
7114,0,40,5,105,0
7115,0,52,7,114,1
7116,2,48,2,55,3
7117,0,18,1,280,3
7118,2,18,5,238,1
7119,1,22,5,36,2
7120,2,38,0,78,3
7121,0,58,0,245,0
7122,1,23,0,85,2
7123,1,29,5,90,1
7124,1,29,1,215,0
7125,0,56,7,63,3
7126,2,58,3,185,3
7127,2,57,5,160,3
7128,1,47,1,151,2
7129,2,37,6,275,1
7130,1,27,4,31,3
7131,1,41,2,170,0
7132,1,46,7,72,3
7133,2,47,0,277,2
7134,0,38,6,194,3
7135,0,52,2,276,0
7136,0,50,7,233,0
7137,2,45,5,75,3
7138,0,56,7,75,0
7139,1,30,6,21,3
7140,1,37,0,171,3
7141,1,23,4,204,1
7142,2,59,4,136,3
7143,2,24,2,42,1
7144,2,40,3,294,1
7145,2,54,3,125,0
7146,1,54,0,184,1
7147,1,41,7,210,2
7148,0,58,0,239,3
7149,0,40,2,220,3
7150,2,45,3,57,2
7151,1,31,4,79,1
7152,2,55,5,41,2
7153,2,43,2,127,3
7154,1,35,1,64,3
7155,1,36,6,34,0
7156,2,42,5,235,0
7157,2,46,5,297,0
7158,2,40,5,20,1
7159,0,43,5,54,1
7160,0,46,0,222,1
7161,0,39,2,297,0
7162,2,17,7,115,0
7163,1,40,4,284,1
7164,2,29,3,255,2
7165,2,23,2,112,0
7166,1,52,6,228,0
7167,1,56,0,175,2
7168,1,54,6,176,3
7169,0,53,4,39,2
7170,1,34,5,30,1
7171,1,44,5,110,0
7172,2,16,5,212,1
7173,2,47,7,137,0
7174,2,39,7,270,0
7175,1,51,4,24,1
7176,0,59,5,26,2
7177,2,18,4,137,2
7178,1,56,6,28,1
7179,0,52,1,21,0
7180,0,27,6,145,3
7181,2,37,1,283,0
7182,2,27,4,107,0
7183,0,33,7,277,1
7184,2,49,5,43,2
7185,0,45,7,233,3
7186,2,32,4,11,3
7187,2,40,6,193,3
7188,2,26,2,204,2
7189,2,20,5,96,1
7190,1,59,5,79,2
7191,1,24,3,253,3
7192,1,52,6,194,3
7193,2,39,3,50,2
7194,0,32,0,112,3
7195,1,57,5,33,0
7196,2,23,6,105,1
7197,0,37,2,143,0
7198,0,52,5,167,1
7199,2,18,2,238,0
7200,1,37,7,255,1
7201,0,39,5,282,3
7202,1,45,6,275,0
7203,2,51,2,217,2
7204,1,19,1,228,0
7205,1,34,6,143,3
7206,0,21,2,259,3
7207,2,38,0,224,0
7208,0,40,7,101,2
7209,1,26,2,85,2
7210,2,43,4,207,2
7211,1,18,2,279,2
7212,2,54,0,133,1
7213,2,51,4,66,2
7214,1,54,6,104,0
7215,0,49,0,208,3
7216,1,16,3,111,1
7217,0,44,3,273,1
7218,2,37,0,254,1
7219,1,28,6,243,3
7220,2,50,3,197,2
7221,1,22,5,107,0
7222,0,56,1,41,3
7223,2,28,2,209,3
7224,0,52,3,105,2
7225,2,53,4,65,3
7226,1,32,3,246,0
7227,1,22,0,184,0
7228,1,16,7,94,2
7229,0,51,7,152,0
7230,0,37,0,59,1
7231,2,16,1,118,3
7232,2,21,4,125,0
7233,1,18,2,214,0
7234,2,45,1,106,1
7235,2,54,2,163,1
7236,1,38,6,244,3
7237,2,57,1,107,0
7238,1,50,2,95,1
7239,2,52,0,258,3
7240,1,18,2,268,3
7241,1,57,3,138,2
7242,1,35,5,216,2
7243,1,25,3,56,3
7244,0,34,7,244,3
7245,1,36,6,214,0
7246,0,42,5,134,0
7247,0,20,5,226,0
7248,1,46,7,15,2
7249,2,27,6,20,1
7250,0,54,1,266,2
7251,1,49,4,42,0
7252,1,55,7,23,1
7253,2,29,6,223,2
7254,0,46,4,35,3
7255,2,43,1,84,0
7256,2,32,0,212,0
7257,2,56,5,289,3
7258,0,32,2,88,2
7259,1,41,5,14,2
7260,0,51,7,57,2
7261,1,46,4,21,1
7262,0,24,2,241,3
7263,0,42,6,199,2
7264,1,50,1,272,3
7265,2,41,7,82,0
7266,0,40,4,131,3
7267,1,44,5,146,0
7268,2,58,6,77,3
7269,1,56,5,226,1
7270,2,52,1,10,3
7271,2,54,6,90,1
7272,1,44,2,269,0
7273,2,56,3,165,0
7274,1,40,1,22,3
7275,0,22,4,107,2
7276,0,49,0,175,2
7277,0,33,0,45,0
7278,0,19,6,55,1
7279,0,35,5,167,0
7280,1,36,5,40,0
7281,1,47,1,136,1
7282,0,37,2,255,2
7283,2,34,0,173,1
7284,0,53,6,182,1
7285,0,48,6,80,2
7286,1,23,6,279,2
7287,0,39,7,59,2
7288,2,56,7,235,0
7289,2,20,1,96,0
7290,0,51,3,251,1
7291,1,52,7,122,2
7292,0,33,2,32,0
7293,0,22,5,63,1
7294,0,29,0,127,1
7295,1,29,6,218,2
7296,2,51,2,13,1
7297,2,53,3,169,2
7298,2,44,3,276,0
7299,0,19,4,203,2
7300,2,52,7,88,0
7301,2,17,6,123,2
7302,2,26,3,48,1
7303,0,56,7,79,0
7304,2,23,5,166,3
7305,0,43,2,212,1
7306,2,56,5,10,3
7307,2,33,0,29,2
7308,2,20,4,166,3
7309,2,53,6,33,2
7310,0,29,4,108,3
7311,2,54,7,51,0
7312,0,35,2,259,1
7313,0,43,6,74,2
7314,1,51,5,272,1
7315,1,52,4,126,1
7316,1,29,5,184,1
7317,0,39,4,225,1
7318,1,25,7,165,3
7319,0,51,5,120,1
7320,1,21,7,135,1
7321,1,49,5,170,0
7322,2,44,5,201,0
7323,1,54,3,38,2
7324,0,51,5,123,3
7325,2,16,7,148,3
7326,1,55,3,41,0
7327,1,30,0,266,1
7328,1,46,0,122,2
7329,0,56,0,44,3
7330,2,51,6,204,0
7331,1,37,0,49,0
7332,2,49,5,82,3
7333,1,39,6,271,2
7334,1,30,6,186,0
7335,1,35,7,74,0
7336,1,19,6,244,1
7337,2,52,5,118,3
7338,0,30,4,211,1
7339,1,26,0,246,2
7340,1,16,3,71,1
7341,1,34,1,155,0
7342,2,48,3,191,3
7343,1,25,4,224,3
7344,1,32,4,208,3
7345,2,45,3,234,2
7346,1,55,2,280,0
7347,2,55,4,106,1
7348,2,33,5,281,2
7349,1,48,3,259,1
7350,2,55,5,262,2
7351,0,52,0,274,1
7352,2,41,0,172,0
7353,2,17,6,238,2
7354,2,30,3,145,2
7355,0,53,6,244,1
7356,2,30,1,299,2
7357,1,33,5,125,3
7358,0,38,2,218,3
7359,2,44,6,144,3
7360,2,33,2,269,3
7361,2,25,0,149,2
7362,0,32,0,210,2
7363,1,58,3,100,3
7364,2,17,3,166,3
7365,2,55,4,156,1
7366,2,42,7,162,0
7367,0,59,7,294,3
7368,0,20,1,142,1
7369,1,29,7,76,3
7370,2,30,1,292,2
7371,1,38,4,262,0
7372,2,36,4,73,2
7373,0,50,4,153,0
7374,1,32,1,32,1
7375,0,43,1,274,3
7376,1,31,3,143,0
7377,2,47,5,47,0
7378,0,30,2,107,3
7379,2,46,2,167,2
7380,2,16,0,269,2
7381,0,16,0,218,1
7382,0,33,4,99,3
7383,2,19,7,128,3
7384,2,55,7,172,2
7385,1,27,4,202,1
7386,2,38,7,108,3
7387,2,20,3,229,2
7388,1,22,4,229,0
7389,0,53,1,35,2
7390,2,17,6,48,1
7391,2,47,0,172,0
7392,2,38,2,31,2
7393,0,51,6,137,0
7394,0,43,0,45,0
7395,2,39,1,14,0
7396,1,42,7,212,1
7397,2,36,6,25,3
7398,1,55,6,243,3
7399,2,52,7,29,2
7400,1,59,4,291,2
7401,1,39,4,95,3
7402,2,51,5,276,2
7403,1,30,5,235,2
7404,2,39,4,255,3
7405,1,43,5,220,3
7406,0,37,2,37,2
7407,2,41,7,177,3
7408,0,42,5,190,2
7409,1,49,7,242,2
7410,1,36,3,55,1
7411,2,37,1,69,0
7412,0,40,5,12,0
7413,0,24,5,174,0
7414,0,36,6,75,2
7415,2,50,3,293,3
7416,0,58,5,97,1
7417,2,25,4,272,3
7418,1,58,5,50,0
7419,2,43,2,132,0
7420,0,30,6,68,2
7421,0,33,4,27,0
7422,2,17,1,22,1
7423,1,24,2,64,1
7424,1,42,7,98,3
7425,2,34,2,187,2
7426,1,47,4,153,2
7427,0,22,4,237,1
7428,2,33,3,52,0
7429,0,41,0,84,0
7430,0,26,1,209,1
7431,1,37,6,264,3
7432,2,28,1,185,0
7433,2,58,0,171,2
7434,1,18,7,174,3
7435,1,16,1,164,1
7436,2,54,4,240,2
7437,1,48,3,162,1
7438,1,21,4,154,2
7439,2,26,4,32,1
7440,1,24,1,283,0
7441,1,49,6,252,0
7442,1,57,3,75,3
7443,1,22,5,59,0
7444,0,23,6,221,2
7445,1,16,2,238,0
7446,0,57,6,249,3
7447,0,50,3,66,3
7448,2,31,0,112,1
7449,0,44,6,115,1
7450,0,41,3,67,3
7451,1,22,5,143,2
7452,0,36,0,131,2
7453,0,55,3,112,3
7454,2,27,1,167,3
7455,0,23,4,265,3
7456,2,53,2,154,0
7457,1,19,2,57,3
7458,1,35,0,285,3
7459,0,31,4,123,1
7460,0,42,7,140,1
7461,0,35,5,178,1
7462,2,35,3,27,0
7463,2,57,3,120,0
7464,1,32,2,20,1
7465,2,59,5,127,3
7466,2,34,0,190,3
7467,1,49,2,162,0
7468,2,38,0,142,0
7469,2,30,1,152,1
7470,1,55,4,203,1
7471,1,34,5,64,0
7472,0,52,0,36,0
7473,1,50,5,62,1
7474,0,25,4,112,2
7475,2,43,5,165,2
7476,1,46,3,188,3
7477,0,46,5,224,0
7478,1,54,1,275,2
7479,0,47,5,150,1
7480,1,51,1,78,1
7481,1,42,4,89,1
7482,1,30,6,75,2
7483,0,42,0,54,1
7484,1,53,7,27,1
7485,0,50,2,260,0
7486,1,48,5,123,3
7487,0,21,0,86,2
7488,0,23,5,286,0
7489,1,40,4,38,1
7490,2,35,3,15,1
7491,2,32,3,139,2
7492,1,29,6,186,0
7493,0,25,3,26,1
7494,1,48,5,89,2
7495,1,46,0,250,2
7496,0,52,4,152,2
7497,0,18,0,221,3
7498,1,35,2,120,0
7499,2,45,0,216,2
7500,1,29,4,292,0
7501,0,27,5,99,1
7502,0,27,7,52,3
7503,2,49,2,233,3
7504,0,18,0,91,1
7505,1,40,4,64,1
7506,2,44,2,224,1
7507,0,22,3,48,3
7508,2,54,0,253,2
7509,0,30,3,235,1
7510,2,20,3,258,1
7511,2,51,4,27,3
7512,2,40,4,174,2
7513,2,49,5,158,1
7514,0,40,4,227,1
7515,1,36,7,40,3
7516,1,35,3,154,1
7517,1,30,0,269,2
7518,0,27,6,69,3
7519,0,53,3,64,1
7520,1,42,4,74,3
7521,1,54,2,62,3
7522,2,24,2,246,3
7523,0,20,0,18,2
7524,0,24,1,60,2
7525,2,24,0,26,3
7526,0,58,5,57,3
7527,2,56,7,93,3
7528,2,56,1,293,3
7529,1,40,1,176,3
7530,2,20,2,133,1
7531,1,47,2,292,3
7532,2,35,1,202,2
7533,2,42,0,174,0
7534,2,20,4,184,2
7535,1,26,4,273,0
7536,0,57,4,207,0
7537,1,47,7,120,1
7538,1,53,6,52,0
7539,1,20,7,31,2
7540,1,41,4,297,0
7541,1,22,6,64,0
7542,2,37,3,256,1
7543,0,22,4,288,0
7544,0,42,5,23,3
7545,0,41,0,71,3
7546,0,28,4,286,0
7547,1,42,7,133,2
7548,1,41,2,268,3
7549,2,49,7,92,1
7550,2,44,1,124,0
7551,1,18,4,102,2
7552,2,35,0,172,0
7553,1,43,7,32,2
7554,2,48,4,279,0
7555,0,47,2,266,2
7556,2,34,0,254,1
7557,0,29,7,18,0
7558,2,18,7,70,3
7559,0,28,3,25,3
7560,1,50,4,209,3
7561,2,19,5,288,1
7562,2,52,1,197,1
7563,2,37,4,293,2
7564,2,22,6,122,3
7565,1,39,6,194,2
7566,1,59,5,235,0
7567,1,22,3,27,1
7568,1,46,2,60,1
7569,2,39,2,131,2
7570,1,49,7,146,2
7571,2,40,2,65,3
7572,1,42,0,125,3
7573,0,37,4,108,2
7574,0,51,2,212,1
7575,2,34,7,260,3
7576,1,46,5,185,2
7577,2,22,5,155,0
7578,1,35,5,241,2
7579,1,58,4,227,2
7580,2,32,5,182,1
7581,1,41,0,274,2
7582,1,30,2,107,2
7583,0,36,4,250,2
7584,2,25,1,237,2
7585,2,49,7,182,1
7586,2,38,4,134,1
7587,1,28,2,48,2
7588,0,32,1,249,0
7589,2,52,0,184,1
7590,0,24,2,227,1
7591,1,42,5,240,1
7592,1,30,7,82,2
7593,1,54,1,179,2
7594,0,17,5,234,1
7595,2,53,7,254,2
7596,1,48,3,59,0
7597,0,44,4,10,3
7598,1,17,1,288,0
7599,2,48,1,148,0
7600,0,42,0,55,0
7601,0,37,1,287,3
7602,1,28,3,150,2
7603,0,17,7,136,0
7604,2,23,2,89,2
7605,0,45,7,11,3
7606,1,49,3,163,0
7607,2,53,2,129,3
7608,1,20,3,144,3
7609,0,20,7,119,1
7610,2,53,4,106,0
7611,0,51,6,46,2
7612,2,35,1,243,2
7613,0,46,7,268,1
7614,2,56,5,210,2
7615,2,17,1,179,1
7616,2,28,5,173,3
7617,2,34,3,292,2
7618,0,57,5,147,2
7619,1,29,7,194,2
7620,2,48,7,287,1
7621,0,39,0,112,3
7622,0,49,3,40,1
7623,0,50,7,199,2
7624,2,18,7,198,0
7625,0,43,5,77,0
7626,0,57,3,133,0
7627,1,58,0,65,1
7628,0,52,2,115,3
7629,2,39,4,62,3
7630,0,50,3,281,1
7631,2,39,0,65,3
7632,1,29,5,281,1
7633,1,40,5,249,0
7634,2,16,0,117,2
7635,1,19,1,244,3
7636,0,32,6,119,2
7637,2,51,2,32,0
7638,1,18,4,183,2
7639,1,17,3,57,1
7640,1,55,1,268,3
7641,1,46,6,257,1
7642,1,21,2,146,1
7643,2,36,3,88,2
7644,0,56,7,30,2
7645,2,41,2,99,3
7646,2,52,4,58,2
7647,0,43,3,53,1
7648,1,33,5,204,0
7649,2,49,0,165,0
7650,0,41,6,149,1
7651,1,35,4,140,0
7652,0,20,5,224,1
7653,1,46,0,255,3
7654,1,49,0,195,3
7655,2,59,6,63,0
7656,1,26,7,193,3
7657,1,35,3,234,2
7658,0,52,6,49,3
7659,0,41,1,125,3
7660,0,41,1,15,2
7661,1,51,4,92,0
7662,0,58,4,143,3
7663,1,51,3,127,3
7664,2,55,7,295,2
7665,0,59,1,19,2
7666,0,23,6,204,3
7667,2,20,3,231,0
7668,1,53,0,28,3
7669,0,54,0,79,3
7670,0,59,4,57,1
7671,0,56,1,292,2
7672,2,41,1,241,2
7673,0,43,4,195,0
7674,0,55,0,127,1
7675,1,18,3,182,2
7676,1,53,6,129,3
7677,1,20,4,29,0
7678,2,53,5,52,3
7679,1,32,4,93,3
7680,1,49,2,71,3
7681,0,29,1,155,3
7682,0,58,4,264,2
7683,1,36,3,189,0
7684,0,48,6,105,3
7685,0,26,3,106,0
7686,2,55,7,47,1
7687,1,28,0,193,0
7688,1,48,5,249,0
7689,2,41,6,23,2
7690,0,28,3,56,1
7691,0,30,4,135,3
7692,1,37,6,51,1
7693,0,35,7,117,2
7694,2,56,5,187,2
7695,1,32,4,296,2
7696,1,42,5,171,2
7697,2,18,4,180,0
7698,0,37,1,268,1
7699,1,33,1,57,3
7700,0,19,6,73,0
7701,2,32,5,278,2
7702,2,33,4,150,1
7703,1,52,6,204,1
7704,1,32,2,63,0
7705,2,58,6,154,2
7706,1,54,2,293,3
7707,2,35,5,144,3
7708,1,30,2,210,2
7709,0,42,3,295,0
7710,0,55,6,172,3
7711,1,25,3,230,3
7712,1,42,7,159,1
7713,1,48,4,76,0
7714,2,39,1,183,2
7715,2,26,6,198,2
7716,1,17,2,128,3
7717,0,41,6,55,1
7718,1,19,7,147,1
7719,0,26,7,11,3
7720,0,26,3,17,2
7721,0,45,1,26,2
7722,1,46,4,202,0
7723,2,29,3,196,0
7724,1,59,6,142,1
7725,1,50,7,226,2
7726,0,19,2,255,3
7727,2,36,0,228,1
7728,1,22,3,100,1
7729,2,55,4,298,3
7730,2,26,5,167,0
7731,0,19,7,51,0
7732,0,20,4,265,1
7733,2,55,5,127,3
7734,1,37,3,211,0
7735,0,52,1,46,3
7736,2,20,6,99,0
7737,1,51,3,181,0
7738,0,22,5,170,2
7739,2,57,7,221,3
7740,2,52,1,49,0
7741,2,51,7,217,3
7742,2,16,5,138,2
7743,1,41,5,267,1
7744,2,58,3,83,1
7745,0,38,2,142,3
7746,2,25,0,50,2
7747,0,34,6,12,1
7748,2,30,4,118,1
7749,1,44,6,74,2
7750,2,33,2,176,0
7751,1,27,5,156,3
7752,1,17,4,61,0
7753,0,32,1,90,2
7754,1,38,4,61,1
7755,2,55,4,251,1
7756,2,28,1,277,1
7757,0,41,0,216,3
7758,1,32,7,116,2
7759,0,43,5,272,3
7760,2,53,2,245,0
7761,1,39,4,116,2
7762,0,48,6,151,2
7763,2,36,7,12,3
7764,1,40,3,67,0
7765,0,25,6,120,1
7766,2,35,7,135,2
7767,1,16,6,113,1
7768,2,26,7,119,1
7769,0,18,1,218,2
7770,2,28,2,207,1
7771,2,58,7,260,1
7772,1,58,7,254,2
7773,0,51,2,15,0
7774,2,46,3,15,0
7775,1,39,6,114,1
7776,0,17,1,241,1
7777,1,27,1,250,2
7778,2,39,6,177,1
7779,2,53,5,293,3
7780,1,44,1,106,0
7781,2,41,3,150,0
7782,1,45,0,94,1
7783,1,49,0,264,2
7784,2,26,1,253,3
7785,2,47,4,44,3
7786,1,24,4,298,1
7787,0,38,2,139,1
7788,0,28,5,169,1
7789,2,43,6,210,2
7790,0,20,5,161,2
7791,0,30,6,147,2
7792,0,27,0,254,3
7793,0,55,4,141,2
7794,0,17,4,281,2
7795,2,32,7,209,2
7796,2,58,5,141,3
7797,2,35,7,200,1
7798,0,33,5,31,3
7799,1,23,4,201,3
7800,2,38,7,101,2
7801,0,46,3,212,2
7802,2,21,2,249,3
7803,1,58,1,28,3
7804,0,21,2,235,0
7805,2,23,0,213,3
7806,1,55,7,129,2
7807,0,59,4,157,3
7808,1,16,5,161,2
7809,0,21,3,84,0
7810,2,44,1,95,1
7811,1,58,2,110,1
7812,0,44,5,285,1
7813,2,30,6,77,1
7814,0,39,2,298,0
7815,0,59,3,109,2
7816,2,43,7,264,0
7817,2,26,3,42,2
7818,0,36,3,110,3
7819,2,47,3,44,0
7820,2,42,4,96,1
7821,2,58,7,214,0
7822,1,54,0,23,2
7823,0,52,4,116,3
7824,0,42,1,111,3
7825,2,44,2,17,1
7826,2,53,6,266,0
7827,2,38,2,24,3
7828,2,34,5,209,1
7829,0,30,6,109,3
7830,1,29,4,279,2
7831,0,19,4,222,1
7832,0,59,4,147,1
7833,0,23,3,246,1
7834,0,37,4,61,2
7835,0,18,3,117,1
7836,0,49,7,245,3
7837,2,39,6,124,0
7838,2,32,4,106,3
7839,2,16,1,73,0
7840,1,23,7,42,3
7841,2,55,3,274,0
7842,0,31,4,62,2
7843,0,52,7,220,3
7844,0,59,6,275,2
7845,1,28,5,70,1
7846,0,36,6,48,1
7847,0,25,7,106,0
7848,2,46,2,14,0
7849,0,22,5,150,0
7850,1,22,5,59,1
7851,0,27,4,194,1
7852,2,36,4,242,2
7853,0,42,2,223,1
7854,2,31,2,99,2
7855,0,47,4,104,1
7856,0,41,1,41,1
7857,1,31,4,14,2
7858,0,36,3,199,2
7859,1,28,5,263,3
7860,1,28,7,180,2
7861,1,21,3,54,3
7862,2,42,4,211,1
7863,0,37,1,192,0
7864,2,16,4,52,3
7865,2,39,7,151,2
7866,1,28,3,248,0
7867,1,46,5,133,0
7868,2,48,6,164,2
7869,1,59,2,269,1
7870,2,36,2,135,1
7871,0,18,7,200,3
7872,2,23,7,75,3
7873,1,20,3,132,3
7874,2,46,6,296,2
7875,2,19,6,96,3
7876,0,43,6,117,2
7877,1,36,2,193,2
7878,0,47,5,264,2
7879,2,31,7,87,0
7880,1,25,4,235,2
7881,2,50,3,216,1
7882,2,22,3,287,3
7883,0,45,3,215,3
7884,1,31,5,180,3
7885,2,28,2,44,2
7886,1,37,5,220,1
7887,1,55,0,134,0
7888,0,46,0,105,1
7889,0,34,5,28,3
7890,2,59,3,22,1
7891,2,32,1,174,3
7892,0,41,4,277,1
7893,0,58,2,292,3
7894,0,34,0,56,1
7895,1,58,0,229,1
7896,0,32,5,115,3
7897,2,38,2,248,2
7898,2,28,7,84,3
7899,2,31,2,53,0
7900,0,21,3,52,2
7901,0,24,3,86,1
7902,0,16,7,67,3
7903,0,43,1,199,0
7904,1,27,6,248,2
7905,2,27,2,198,3
7906,1,27,2,154,3
7907,1,30,5,228,1
7908,0,36,6,288,1
7909,2,35,2,100,3
7910,2,26,5,60,0
7911,0,57,0,159,2
7912,1,21,5,152,2
7913,0,51,6,30,0
7914,0,16,0,108,2
7915,2,45,2,26,2
7916,2,21,3,109,2
7917,0,56,1,178,3
7918,2,46,6,137,3
7919,2,51,5,298,0
7920,1,46,7,281,3
7921,0,17,1,62,0
7922,0,49,3,150,2
7923,1,50,2,29,1
7924,1,31,3,209,3
7925,0,59,5,96,0
7926,1,57,5,85,1
7927,0,57,0,189,0
7928,1,33,4,266,3
7929,0,26,1,262,3
7930,0,30,7,106,0
7931,2,26,2,31,2
7932,1,35,0,117,2
7933,1,43,2,37,2
7934,0,21,0,178,0
7935,1,51,1,106,0
7936,2,34,5,18,1
7937,0,43,4,180,3
7938,1,47,4,257,1
7939,1,21,2,97,2
7940,0,31,0,237,2
7941,1,39,3,106,3
7942,2,20,3,117,2
7943,1,33,1,279,3
7944,2,17,5,17,3
7945,0,47,6,153,2
7946,0,58,0,258,3
7947,1,41,4,174,2
7948,1,52,7,180,2
7949,1,42,0,98,2
7950,2,41,1,187,0
7951,0,43,4,72,2
7952,1,42,4,86,0
7953,0,49,5,151,0
7954,0,46,1,159,2
7955,2,21,2,106,3
7956,1,56,7,101,3
7957,0,52,0,219,2
7958,0,38,6,174,0
7959,2,53,6,197,1
7960,0,45,0,145,3
7961,1,33,6,59,3
7962,0,52,5,152,2
7963,1,28,6,151,2
7964,2,51,4,145,2
7965,0,48,2,215,0
7966,1,24,1,221,2
7967,0,31,7,266,2
7968,0,19,7,170,0
7969,0,54,4,297,1
7970,0,37,7,277,0
7971,1,18,4,238,2
7972,0,21,5,161,3
7973,2,20,2,120,2
7974,2,55,3,179,2
7975,0,39,5,177,1
7976,0,58,4,280,0
7977,0,40,4,179,1
7978,0,52,3,14,0
7979,1,54,2,250,1
7980,0,23,6,79,3
7981,0,44,3,253,0
7982,1,57,0,176,2
7983,0,27,2,140,2
7984,2,16,5,277,2
7985,1,36,2,64,2
7986,2,27,1,211,3
7987,0,21,7,23,3
7988,1,41,4,137,3
7989,0,41,2,94,1
7990,1,50,2,71,2
7991,2,16,2,131,0
7992,0,32,1,114,1
7993,2,29,1,206,1
7994,1,34,5,21,0
7995,2,44,2,237,3
7996,1,34,0,61,2
7997,0,17,7,81,1
7998,0,34,4,245,3
7999,2,45,0,210,1
